fromChain,toChain,bridge,source_chain,sent_token,sent_amount,target_chain,recived_token,est_recived_amount,est_tx_fee,router_fee_usd,relayer_fee_usd,est_gas_cost_usd,gas_symbol,est_amount_sent_usd,est_amount_recived_usd,action_present
ETH,OPT,Circle CCTP,Ethereum,USDC,1000000000,Optimism,USDC,999000000,1.00,1.00,0.00,6.13,ETH,1000.00,999.00,True
ETH,CRO,disabled,disabled,disabled,disabled,disabled,disabled,disabled,disabled,disabled,disabled,disabled,disabled,disabled,disabled,False
ETH,BSC,Hyphen,Ethereum,USDC,1000000000,Binance,USDC,998481424605000029260,1.46,1.46,0.13,4.98,ETH,1000.00,998.48,True
ETH,OKT,error,error,error,error,error,error,error,error,error,error,error,error,error,error,False
ETH,DAI,Omni Bridge,Ethereum,USDC,1000000000,Gnosis,USDC,1000000000,,,,6.55,ETH,1000.00,1000.00,True
ETH,VEL,no_token,no_token,no_token,no_token,no_token,no_token,no_token,no_token,no_token,no_token,no_token,no_token,no_token,no_token,False
ETH,FUS,error,error,error,error,error,error,error,error,error,error,error,error,error,error,False
ETH,POL,Across,Ethereum,USDC,1000000000,Polygon,USDC,999858989,0.00,0.00,0.14,3.47,ETH,1000.00,999.86,True
ETH,FTM,error,error,error,error,error,error,error,error,error,error,error,error,error,error,False
ETH,BOB,error,error,error,error,error,error,error,error,error,error,error,error,error,error,False
ETH,ERA,Across,Ethereum,USDC,1000000000,zkSync Era,USDC,999567974,0.00,0.00,0.43,3.50,ETH,1000.00,999.57,True
ETH,PZE,error,error,error,error,error,error,error,error,error,error,error,error,error,error,False
ETH,MOO,error,error,error,error,error,error,error,error,error,error,error,error,error,error,False
ETH,MOR,error,error,error,error,error,error,error,error,error,error,error,error,error,error,False
ETH,BAS,Across,Ethereum,USDC,1000000000,Base,USDC,999589573,0.00,0.00,0.41,3.50,ETH,1000.00,999.59,True
ETH,EVM,error,error,error,error,error,error,error,error,error,error,error,error,error,error,False
ETH,ARB,Circle CCTP,Ethereum,USDC,1000000000,Arbitrum,USDC,999000000,1.00,1.00,0.00,6.20,ETH,1000.00,999.00,True
ETH,CEL,disabled,disabled,disabled,disabled,disabled,disabled,disabled,disabled,disabled,disabled,disabled,disabled,disabled,disabled,False
ETH,AVA,Circle CCTP,Ethereum,USDC,1000000000,Avalanche,USDC,999700000,0.30,0.30,0.00,6.20,ETH,1000.00,999.70,True
ETH,AUR,error,error,error,error,error,error,error,error,error,error,error,error,error,error,False
ETH,ONE,disabled,disabled,disabled,disabled,disabled,disabled,disabled,disabled,disabled,disabled,disabled,disabled,disabled,disabled,False
ETH,LNA,error,error,error,error,error,error,error,error,error,error,error,error,error,error,False
OPT,ETH,Circle CCTP,Optimism,USDC,1000000000,Ethereum,USDC,980000000,20.00,20.00,0.00,0.02,ETH,1000.00,980.00,True
OPT,CRO,disabled,disabled,disabled,disabled,disabled,disabled,disabled,disabled,disabled,disabled,disabled,disabled,disabled,disabled,False
OPT,BSC,error,error,error,error,error,error,error,error,error,error,error,error,error,error,False
OPT,OKT,error,error,error,error,error,error,error,error,error,error,error,error,error,error,False
OPT,DAI,error,error,error,error,error,error,error,error,error,error,error,error,error,error,False
OPT,VEL,no_token,no_token,no_token,no_token,no_token,no_token,no_token,no_token,no_token,no_token,no_token,no_token,no_token,no_token,False
OPT,FUS,error,error,error,error,error,error,error,error,error,error,error,error,error,error,False
OPT,POL,error,error,error,error,error,error,error,error,error,error,error,error,error,error,False
OPT,FTM,error,error,error,error,error,error,error,error,error,error,error,error,error,error,False
OPT,BOB,error,error,error,error,error,error,error,error,error,error,error,error,error,error,False
OPT,ERA,error,error,error,error,error,error,error,error,error,error,error,error,error,error,False
OPT,PZE,error,error,error,error,error,error,error,error,error,error,error,error,error,error,False
OPT,MOO,error,error,error,error,error,error,error,error,error,error,error,error,error,error,False
OPT,MOR,error,error,error,error,error,error,error,error,error,error,error,error,error,error,False
OPT,BAS,error,error,error,error,error,error,error,error,error,error,error,error,error,error,False
OPT,EVM,error,error,error,error,error,error,error,error,error,error,error,error,error,error,False
OPT,ARB,Circle CCTP,Optimism,USDC,1000000000,Arbitrum,USDC,999000000,1.00,1.00,0.00,0.02,ETH,1000.00,999.00,True
OPT,CEL,disabled,disabled,disabled,disabled,disabled,disabled,disabled,disabled,disabled,disabled,disabled,disabled,disabled,disabled,False
OPT,AVA,Circle CCTP,Optimism,USDC,1000000000,Avalanche,USDC,999700000,0.30,0.30,0.00,0.02,ETH,1000.00,999.70,True
OPT,AUR,error,error,error,error,error,error,error,error,error,error,error,error,error,error,False
OPT,ONE,disabled,disabled,disabled,disabled,disabled,disabled,disabled,disabled,disabled,disabled,disabled,disabled,disabled,disabled,False
OPT,LNA,error,error,error,error,error,error,error,error,error,error,error,error,error,error,False
CRO,ETH,disabled,disabled,disabled,disabled,disabled,disabled,disabled,disabled,disabled,disabled,disabled,disabled,disabled,disabled,False
CRO,OPT,disabled,disabled,disabled,disabled,disabled,disabled,disabled,disabled,disabled,disabled,disabled,disabled,disabled,disabled,False
CRO,BSC,disabled,disabled,disabled,disabled,disabled,disabled,disabled,disabled,disabled,disabled,disabled,disabled,disabled,disabled,False
CRO,OKT,disabled,disabled,disabled,disabled,disabled,disabled,disabled,disabled,disabled,disabled,disabled,disabled,disabled,disabled,False
CRO,DAI,disabled,disabled,disabled,disabled,disabled,disabled,disabled,disabled,disabled,disabled,disabled,disabled,disabled,disabled,False
CRO,VEL,no_token,no_token,no_token,no_token,no_token,no_token,no_token,no_token,no_token,no_token,no_token,no_token,no_token,no_token,False
CRO,FUS,disabled,disabled,disabled,disabled,disabled,disabled,disabled,disabled,disabled,disabled,disabled,disabled,disabled,disabled,False
CRO,POL,disabled,disabled,disabled,disabled,disabled,disabled,disabled,disabled,disabled,disabled,disabled,disabled,disabled,disabled,False
CRO,FTM,disabled,disabled,disabled,disabled,disabled,disabled,disabled,disabled,disabled,disabled,disabled,disabled,disabled,disabled,False
CRO,BOB,disabled,disabled,disabled,disabled,disabled,disabled,disabled,disabled,disabled,disabled,disabled,disabled,disabled,disabled,False
CRO,ERA,disabled,disabled,disabled,disabled,disabled,disabled,disabled,disabled,disabled,disabled,disabled,disabled,disabled,disabled,False
CRO,PZE,disabled,disabled,disabled,disabled,disabled,disabled,disabled,disabled,disabled,disabled,disabled,disabled,disabled,disabled,False
CRO,MOO,disabled,disabled,disabled,disabled,disabled,disabled,disabled,disabled,disabled,disabled,disabled,disabled,disabled,disabled,False
CRO,MOR,disabled,disabled,disabled,disabled,disabled,disabled,disabled,disabled,disabled,disabled,disabled,disabled,disabled,disabled,False
CRO,BAS,disabled,disabled,disabled,disabled,disabled,disabled,disabled,disabled,disabled,disabled,disabled,disabled,disabled,disabled,False
CRO,EVM,disabled,disabled,disabled,disabled,disabled,disabled,disabled,disabled,disabled,disabled,disabled,disabled,disabled,disabled,False
CRO,ARB,disabled,disabled,disabled,disabled,disabled,disabled,disabled,disabled,disabled,disabled,disabled,disabled,disabled,disabled,False
CRO,CEL,disabled,disabled,disabled,disabled,disabled,disabled,disabled,disabled,disabled,disabled,disabled,disabled,disabled,disabled,False
CRO,AVA,disabled,disabled,disabled,disabled,disabled,disabled,disabled,disabled,disabled,disabled,disabled,disabled,disabled,disabled,False
CRO,AUR,disabled,disabled,disabled,disabled,disabled,disabled,disabled,disabled,disabled,disabled,disabled,disabled,disabled,disabled,False
CRO,ONE,disabled,disabled,disabled,disabled,disabled,disabled,disabled,disabled,disabled,disabled,disabled,disabled,disabled,disabled,False
CRO,LNA,disabled,disabled,disabled,disabled,disabled,disabled,disabled,disabled,disabled,disabled,disabled,disabled,disabled,disabled,False
BSC,ETH,error,error,error,error,error,error,error,error,error,error,error,error,error,error,False
BSC,OPT,error,error,error,error,error,error,error,error,error,error,error,error,error,error,False
BSC,CRO,disabled,disabled,disabled,disabled,disabled,disabled,disabled,disabled,disabled,disabled,disabled,disabled,disabled,disabled,False
BSC,OKT,error,error,error,error,error,error,error,error,error,error,error,error,error,error,False
BSC,DAI,error,error,error,error,error,error,error,error,error,error,error,error,error,error,False
BSC,VEL,no_token,no_token,no_token,no_token,no_token,no_token,no_token,no_token,no_token,no_token,no_token,no_token,no_token,no_token,False
BSC,FUS,error,error,error,error,error,error,error,error,error,error,error,error,error,error,False
BSC,POL,error,error,error,error,error,error,error,error,error,error,error,error,error,error,False
BSC,FTM,error,error,error,error,error,error,error,error,error,error,error,error,error,error,False
BSC,BOB,error,error,error,error,error,error,error,error,error,error,error,error,error,error,False
BSC,ERA,error,error,error,error,error,error,error,error,error,error,error,error,error,error,False
BSC,PZE,error,error,error,error,error,error,error,error,error,error,error,error,error,error,False
BSC,MOO,error,error,error,error,error,error,error,error,error,error,error,error,error,error,False
BSC,MOR,error,error,error,error,error,error,error,error,error,error,error,error,error,error,False
BSC,BAS,error,error,error,error,error,error,error,error,error,error,error,error,error,error,False
BSC,EVM,error,error,error,error,error,error,error,error,error,error,error,error,error,error,False
BSC,ARB,error,error,error,error,error,error,error,error,error,error,error,error,error,error,False
BSC,CEL,disabled,disabled,disabled,disabled,disabled,disabled,disabled,disabled,disabled,disabled,disabled,disabled,disabled,disabled,False
BSC,AVA,error,error,error,error,error,error,error,error,error,error,error,error,error,error,False
BSC,AUR,error,error,error,error,error,error,error,error,error,error,error,error,error,error,False
BSC,ONE,disabled,disabled,disabled,disabled,disabled,disabled,disabled,disabled,disabled,disabled,disabled,disabled,disabled,disabled,False
BSC,LNA,error,error,error,error,error,error,error,error,error,error,error,error,error,error,False
OKT,ETH,error,error,error,error,error,error,error,error,error,error,error,error,error,error,False
OKT,OPT,error,error,error,error,error,error,error,error,error,error,error,error,error,error,False
OKT,CRO,disabled,disabled,disabled,disabled,disabled,disabled,disabled,disabled,disabled,disabled,disabled,disabled,disabled,disabled,False
OKT,BSC,error,error,error,error,error,error,error,error,error,error,error,error,error,error,False
OKT,DAI,error,error,error,error,error,error,error,error,error,error,error,error,error,error,False
OKT,VEL,no_token,no_token,no_token,no_token,no_token,no_token,no_token,no_token,no_token,no_token,no_token,no_token,no_token,no_token,False
OKT,FUS,error,error,error,error,error,error,error,error,error,error,error,error,error,error,False
OKT,POL,error,error,error,error,error,error,error,error,error,error,error,error,error,error,False
OKT,FTM,error,error,error,error,error,error,error,error,error,error,error,error,error,error,False
OKT,BOB,error,error,error,error,error,error,error,error,error,error,error,error,error,error,False
OKT,ERA,error,error,error,error,error,error,error,error,error,error,error,error,error,error,False
OKT,PZE,error,error,error,error,error,error,error,error,error,error,error,error,error,error,False
OKT,MOO,error,error,error,error,error,error,error,error,error,error,error,error,error,error,False
OKT,MOR,error,error,error,error,error,error,error,error,error,error,error,error,error,error,False
OKT,BAS,error,error,error,error,error,error,error,error,error,error,error,error,error,error,False
OKT,EVM,error,error,error,error,error,error,error,error,error,error,error,error,error,error,False
OKT,ARB,error,error,error,error,error,error,error,error,error,error,error,error,error,error,False
OKT,CEL,disabled,disabled,disabled,disabled,disabled,disabled,disabled,disabled,disabled,disabled,disabled,disabled,disabled,disabled,False
OKT,AVA,error,error,error,error,error,error,error,error,error,error,error,error,error,error,False
OKT,AUR,error,error,error,error,error,error,error,error,error,error,error,error,error,error,False
OKT,ONE,disabled,disabled,disabled,disabled,disabled,disabled,disabled,disabled,disabled,disabled,disabled,disabled,disabled,disabled,False
OKT,LNA,error,error,error,error,error,error,error,error,error,error,error,error,error,error,False
DAI,ETH,Connext,Gnosis,USDC,1000000000,Ethereum,USDC,999497713,0.50,0.50,12.14,0.01,xDAI,1000.00,999.50,True
DAI,OPT,error,error,error,error,error,error,error,error,error,error,error,error,error,error,False
DAI,CRO,disabled,disabled,disabled,disabled,disabled,disabled,disabled,disabled,disabled,disabled,disabled,disabled,disabled,disabled,False
DAI,BSC,Connext,Gnosis,USDC,1000000000,Binance,USDC,998385791071347862606,0.50,0.50,0.51,0.01,xDAI,1000.00,998.39,True
DAI,OKT,error,error,error,error,error,error,error,error,error,error,error,error,error,error,False
DAI,VEL,no_token,no_token,no_token,no_token,no_token,no_token,no_token,no_token,no_token,no_token,no_token,no_token,no_token,no_token,False
DAI,FUS,error,error,error,error,error,error,error,error,error,error,error,error,error,error,False
DAI,POL,Connext,Gnosis,USDC,1000000000,Polygon,USDC,999546131,0.50,0.50,0.03,0.01,xDAI,1000.00,999.55,True
DAI,FTM,error,error,error,error,error,error,error,error,error,error,error,error,error,error,False
DAI,BOB,error,error,error,error,error,error,error,error,error,error,error,error,error,error,False
DAI,ERA,error,error,error,error,error,error,error,error,error,error,error,error,error,error,False
DAI,PZE,error,error,error,error,error,error,error,error,error,error,error,error,error,error,False
DAI,MOO,error,error,error,error,error,error,error,error,error,error,error,error,error,error,False
DAI,MOR,error,error,error,error,error,error,error,error,error,error,error,error,error,error,False
DAI,BAS,Hop,Gnosis,USDC,1000000000,Base,USDC,999597194,0.80,0.80,0.70,0.01,xDAI,1000.00,999.60,True
DAI,EVM,error,error,error,error,error,error,error,error,error,error,error,error,error,error,False
DAI,ARB,error,error,error,error,error,error,error,error,error,error,error,error,error,error,False
DAI,CEL,disabled,disabled,disabled,disabled,disabled,disabled,disabled,disabled,disabled,disabled,disabled,disabled,disabled,disabled,False
DAI,AVA,error,error,error,error,error,error,error,error,error,error,error,error,error,error,False
DAI,AUR,error,error,error,error,error,error,error,error,error,error,error,error,error,error,False
DAI,ONE,disabled,disabled,disabled,disabled,disabled,disabled,disabled,disabled,disabled,disabled,disabled,disabled,disabled,disabled,False
DAI,LNA,error,error,error,error,error,error,error,error,error,error,error,error,error,error,False
VEL,ETH,no_token,no_token,no_token,no_token,no_token,no_token,no_token,no_token,no_token,no_token,no_token,no_token,no_token,no_token,False
VEL,OPT,no_token,no_token,no_token,no_token,no_token,no_token,no_token,no_token,no_token,no_token,no_token,no_token,no_token,no_token,False
VEL,CRO,no_token,no_token,no_token,no_token,no_token,no_token,no_token,no_token,no_token,no_token,no_token,no_token,no_token,no_token,False
VEL,BSC,no_token,no_token,no_token,no_token,no_token,no_token,no_token,no_token,no_token,no_token,no_token,no_token,no_token,no_token,False
VEL,OKT,no_token,no_token,no_token,no_token,no_token,no_token,no_token,no_token,no_token,no_token,no_token,no_token,no_token,no_token,False
VEL,DAI,no_token,no_token,no_token,no_token,no_token,no_token,no_token,no_token,no_token,no_token,no_token,no_token,no_token,no_token,False
VEL,VEL,no_token,no_token,no_token,no_token,no_token,no_token,no_token,no_token,no_token,no_token,no_token,no_token,no_token,no_token,False
VEL,FUS,no_token,no_token,no_token,no_token,no_token,no_token,no_token,no_token,no_token,no_token,no_token,no_token,no_token,no_token,False
VEL,POL,no_token,no_token,no_token,no_token,no_token,no_token,no_token,no_token,no_token,no_token,no_token,no_token,no_token,no_token,False
VEL,FTM,no_token,no_token,no_token,no_token,no_token,no_token,no_token,no_token,no_token,no_token,no_token,no_token,no_token,no_token,False
VEL,BOB,no_token,no_token,no_token,no_token,no_token,no_token,no_token,no_token,no_token,no_token,no_token,no_token,no_token,no_token,False
VEL,ERA,no_token,no_token,no_token,no_token,no_token,no_token,no_token,no_token,no_token,no_token,no_token,no_token,no_token,no_token,False
VEL,PZE,no_token,no_token,no_token,no_token,no_token,no_token,no_token,no_token,no_token,no_token,no_token,no_token,no_token,no_token,False
VEL,MOO,no_token,no_token,no_token,no_token,no_token,no_token,no_token,no_token,no_token,no_token,no_token,no_token,no_token,no_token,False
VEL,MOR,no_token,no_token,no_token,no_token,no_token,no_token,no_token,no_token,no_token,no_token,no_token,no_token,no_token,no_token,False
VEL,BAS,no_token,no_token,no_token,no_token,no_token,no_token,no_token,no_token,no_token,no_token,no_token,no_token,no_token,no_token,False
VEL,EVM,no_token,no_token,no_token,no_token,no_token,no_token,no_token,no_token,no_token,no_token,no_token,no_token,no_token,no_token,False
VEL,ARB,no_token,no_token,no_token,no_token,no_token,no_token,no_token,no_token,no_token,no_token,no_token,no_token,no_token,no_token,False
VEL,CEL,no_token,no_token,no_token,no_token,no_token,no_token,no_token,no_token,no_token,no_token,no_token,no_token,no_token,no_token,False
VEL,AVA,no_token,no_token,no_token,no_token,no_token,no_token,no_token,no_token,no_token,no_token,no_token,no_token,no_token,no_token,False
VEL,AUR,no_token,no_token,no_token,no_token,no_token,no_token,no_token,no_token,no_token,no_token,no_token,no_token,no_token,no_token,False
VEL,ONE,no_token,no_token,no_token,no_token,no_token,no_token,no_token,no_token,no_token,no_token,no_token,no_token,no_token,no_token,False
VEL,LNA,no_token,no_token,no_token,no_token,no_token,no_token,no_token,no_token,no_token,no_token,no_token,no_token,no_token,no_token,False
FUS,ETH,error,error,error,error,error,error,error,error,error,error,error,error,error,error,False
FUS,OPT,error,error,error,error,error,error,error,error,error,error,error,error,error,error,False
FUS,CRO,disabled,disabled,disabled,disabled,disabled,disabled,disabled,disabled,disabled,disabled,disabled,disabled,disabled,disabled,False
FUS,BSC,error,error,error,error,error,error,error,error,error,error,error,error,error,error,False
FUS,OKT,error,error,error,error,error,error,error,error,error,error,error,error,error,error,False
FUS,DAI,error,error,error,error,error,error,error,error,error,error,error,error,error,error,False
FUS,VEL,no_token,no_token,no_token,no_token,no_token,no_token,no_token,no_token,no_token,no_token,no_token,no_token,no_token,no_token,False
FUS,POL,error,error,error,error,error,error,error,error,error,error,error,error,error,error,False
FUS,FTM,error,error,error,error,error,error,error,error,error,error,error,error,error,error,False
FUS,BOB,error,error,error,error,error,error,error,error,error,error,error,error,error,error,False
FUS,ERA,error,error,error,error,error,error,error,error,error,error,error,error,error,error,False
FUS,PZE,error,error,error,error,error,error,error,error,error,error,error,error,error,error,False
FUS,MOO,error,error,error,error,error,error,error,error,error,error,error,error,error,error,False
FUS,MOR,error,error,error,error,error,error,error,error,error,error,error,error,error,error,False
FUS,BAS,error,error,error,error,error,error,error,error,error,error,error,error,error,error,False
FUS,EVM,error,error,error,error,error,error,error,error,error,error,error,error,error,error,False
FUS,ARB,error,error,error,error,error,error,error,error,error,error,error,error,error,error,False
FUS,CEL,disabled,disabled,disabled,disabled,disabled,disabled,disabled,disabled,disabled,disabled,disabled,disabled,disabled,disabled,False
FUS,AVA,error,error,error,error,error,error,error,error,error,error,error,error,error,error,False
FUS,AUR,error,error,error,error,error,error,error,error,error,error,error,error,error,error,False
FUS,ONE,disabled,disabled,disabled,disabled,disabled,disabled,disabled,disabled,disabled,disabled,disabled,disabled,disabled,disabled,False
FUS,LNA,error,error,error,error,error,error,error,error,error,error,error,error,error,error,False
POL,ETH,Across,Polygon,USDC,1000000000,Ethereum,USDC,995574476,0.38,0.38,4.04,0.01,MATIC,1000.00,995.57,True
POL,OPT,error,error,error,error,error,error,error,error,error,error,error,error,error,error,False
POL,CRO,disabled,disabled,disabled,disabled,disabled,disabled,disabled,disabled,disabled,disabled,disabled,disabled,disabled,disabled,False
POL,BSC,Hyphen,Polygon,USDC,1000000000,Binance,USDC,999118027683000036632,1.46,1.46,0.08,0.02,MATIC,1000.00,999.12,True
POL,OKT,error,error,error,error,error,error,error,error,error,error,error,error,error,error,False
POL,DAI,Connext,Polygon,USDC,1000000000,Gnosis,USDC,997694440,0.50,0.50,0.01,0.03,MATIC,1000.00,997.69,True
POL,VEL,no_token,no_token,no_token,no_token,no_token,no_token,no_token,no_token,no_token,no_token,no_token,no_token,no_token,no_token,False
POL,FUS,error,error,error,error,error,error,error,error,error,error,error,error,error,error,False
POL,FTM,Stargate,Polygon,USDC,1000000000,Fantom,USDC,999000000,1.11,1.11,0.03,0.04,MATIC,1000.00,999.00,True
POL,BOB,error,error,error,error,error,error,error,error,error,error,error,error,error,error,False
POL,ERA,Across,Polygon,USDC,1000000000,zkSync Era,USDC,999187153,0.38,0.38,0.43,0.01,MATIC,1000.00,999.19,True
POL,PZE,error,error,error,error,error,error,error,error,error,error,error,error,error,error,False
POL,MOO,error,error,error,error,error,error,error,error,error,error,error,error,error,error,False
POL,MOR,error,error,error,error,error,error,error,error,error,error,error,error,error,error,False
POL,BAS,Across,Polygon,USDC,1000000000,Base,USDC,999208875,0.38,0.38,0.41,0.01,MATIC,1000.00,999.21,True
POL,EVM,error,error,error,error,error,error,error,error,error,error,error,error,error,error,False
POL,ARB,Allbridge,Polygon,USDC,1000000000,Arbitrum,USDC,992295956,0.29,0.29,,0.02,MATIC,1000.00,992.30,True
POL,CEL,disabled,disabled,disabled,disabled,disabled,disabled,disabled,disabled,disabled,disabled,disabled,disabled,disabled,disabled,False
POL,AVA,Stargate,Polygon,USDC,1000000000,Avalanche,USDC,999400000,0.44,0.44,0.03,0.04,MATIC,1000.00,999.40,True
POL,AUR,error,error,error,error,error,error,error,error,error,error,error,error,error,error,False
POL,ONE,disabled,disabled,disabled,disabled,disabled,disabled,disabled,disabled,disabled,disabled,disabled,disabled,disabled,disabled,False
POL,LNA,error,error,error,error,error,error,error,error,error,error,error,error,error,error,False
FTM,ETH,error,error,error,error,error,error,error,error,error,error,error,error,error,error,False
FTM,OPT,error,error,error,error,error,error,error,error,error,error,error,error,error,error,False
FTM,CRO,disabled,disabled,disabled,disabled,disabled,disabled,disabled,disabled,disabled,disabled,disabled,disabled,disabled,disabled,False
FTM,BSC,Stargate,Fantom,USDC,1000000000,Binance,USDC,988146917862978671641,1.27,1.27,0.03,0.01,FTM,1000.00,988.15,True
FTM,OKT,error,error,error,error,error,error,error,error,error,error,error,error,error,error,False
FTM,DAI,error,error,error,error,error,error,error,error,error,error,error,error,error,error,False
FTM,VEL,no_token,no_token,no_token,no_token,no_token,no_token,no_token,no_token,no_token,no_token,no_token,no_token,no_token,no_token,False
FTM,FUS,error,error,error,error,error,error,error,error,error,error,error,error,error,error,False
FTM,POL,Stargate,Fantom,USDC,1000000000,Polygon,USDC,999000000,0.38,0.38,0.03,0.01,FTM,1000.00,999.00,True
FTM,BOB,error,error,error,error,error,error,error,error,error,error,error,error,error,error,False
FTM,ERA,error,error,error,error,error,error,error,error,error,error,error,error,error,error,False
FTM,PZE,error,error,error,error,error,error,error,error,error,error,error,error,error,error,False
FTM,MOO,error,error,error,error,error,error,error,error,error,error,error,error,error,error,False
FTM,MOR,error,error,error,error,error,error,error,error,error,error,error,error,error,error,False
FTM,BAS,error,error,error,error,error,error,error,error,error,error,error,error,error,error,False
FTM,EVM,error,error,error,error,error,error,error,error,error,error,error,error,error,error,False
FTM,ARB,error,error,error,error,error,error,error,error,error,error,error,error,error,error,False
FTM,CEL,disabled,disabled,disabled,disabled,disabled,disabled,disabled,disabled,disabled,disabled,disabled,disabled,disabled,disabled,False
FTM,AVA,Stargate,Fantom,USDC,1000000000,Avalanche,USDC,999000000,0.47,0.47,0.03,0.01,FTM,1000.00,999.00,True
FTM,AUR,error,error,error,error,error,error,error,error,error,error,error,error,error,error,False
FTM,ONE,disabled,disabled,disabled,disabled,disabled,disabled,disabled,disabled,disabled,disabled,disabled,disabled,disabled,disabled,False
FTM,LNA,error,error,error,error,error,error,error,error,error,error,error,error,error,error,False
BOB,ETH,error,error,error,error,error,error,error,error,error,error,error,error,error,error,False
BOB,OPT,error,error,error,error,error,error,error,error,error,error,error,error,error,error,False
BOB,CRO,disabled,disabled,disabled,disabled,disabled,disabled,disabled,disabled,disabled,disabled,disabled,disabled,disabled,disabled,False
BOB,BSC,error,error,error,error,error,error,error,error,error,error,error,error,error,error,False
BOB,OKT,error,error,error,error,error,error,error,error,error,error,error,error,error,error,False
BOB,DAI,error,error,error,error,error,error,error,error,error,error,error,error,error,error,False
BOB,VEL,no_token,no_token,no_token,no_token,no_token,no_token,no_token,no_token,no_token,no_token,no_token,no_token,no_token,no_token,False
BOB,FUS,error,error,error,error,error,error,error,error,error,error,error,error,error,error,False
BOB,POL,error,error,error,error,error,error,error,error,error,error,error,error,error,error,False
BOB,FTM,error,error,error,error,error,error,error,error,error,error,error,error,error,error,False
BOB,ERA,error,error,error,error,error,error,error,error,error,error,error,error,error,error,False
BOB,PZE,error,error,error,error,error,error,error,error,error,error,error,error,error,error,False
BOB,MOO,error,error,error,error,error,error,error,error,error,error,error,error,error,error,False
BOB,MOR,error,error,error,error,error,error,error,error,error,error,error,error,error,error,False
BOB,BAS,error,error,error,error,error,error,error,error,error,error,error,error,error,error,False
BOB,EVM,error,error,error,error,error,error,error,error,error,error,error,error,error,error,False
BOB,ARB,error,error,error,error,error,error,error,error,error,error,error,error,error,error,False
BOB,CEL,disabled,disabled,disabled,disabled,disabled,disabled,disabled,disabled,disabled,disabled,disabled,disabled,disabled,disabled,False
BOB,AVA,error,error,error,error,error,error,error,error,error,error,error,error,error,error,False
BOB,AUR,error,error,error,error,error,error,error,error,error,error,error,error,error,error,False
BOB,ONE,disabled,disabled,disabled,disabled,disabled,disabled,disabled,disabled,disabled,disabled,disabled,disabled,disabled,disabled,False
BOB,LNA,error,error,error,error,error,error,error,error,error,error,error,error,error,error,False
ERA,ETH,Across,zkSync Era,USDC,1000000000,Ethereum,USDC,994781920,0.38,0.38,4.84,0.10,ETH,1000.00,994.78,True
ERA,OPT,error,error,error,error,error,error,error,error,error,error,error,error,error,error,False
ERA,CRO,disabled,disabled,disabled,disabled,disabled,disabled,disabled,disabled,disabled,disabled,disabled,disabled,disabled,disabled,False
ERA,BSC,Celer cBridge,zkSync Era,USDC,1000000000,Binance,USDC,997139808257381697548,1.86,1.86,1.00,0.09,ETH,1000.00,997.14,True
ERA,OKT,error,error,error,error,error,error,error,error,error,error,error,error,error,error,False
ERA,DAI,error,error,error,error,error,error,error,error,error,error,error,error,error,error,False
ERA,VEL,no_token,no_token,no_token,no_token,no_token,no_token,no_token,no_token,no_token,no_token,no_token,no_token,no_token,no_token,False
ERA,FUS,error,error,error,error,error,error,error,error,error,error,error,error,error,error,False
ERA,POL,Across,zkSync Era,USDC,1000000000,Polygon,USDC,999495879,0.38,0.38,0.12,0.10,ETH,1000.00,999.50,True
ERA,FTM,error,error,error,error,error,error,error,error,error,error,error,error,error,error,False
ERA,BOB,error,error,error,error,error,error,error,error,error,error,error,error,error,error,False
ERA,PZE,error,error,error,error,error,error,error,error,error,error,error,error,error,error,False
ERA,MOO,error,error,error,error,error,error,error,error,error,error,error,error,error,error,False
ERA,MOR,error,error,error,error,error,error,error,error,error,error,error,error,error,error,False
ERA,BAS,Across,zkSync Era,USDC,1000000000,Base,USDC,999208898,0.38,0.38,0.41,0.10,ETH,1000.00,999.21,True
ERA,EVM,error,error,error,error,error,error,error,error,error,error,error,error,error,error,False
ERA,ARB,error,error,error,error,error,error,error,error,error,error,error,error,error,error,False
ERA,CEL,disabled,disabled,disabled,disabled,disabled,disabled,disabled,disabled,disabled,disabled,disabled,disabled,disabled,disabled,False
ERA,AVA,error,error,error,error,error,error,error,error,error,error,error,error,error,error,False
ERA,AUR,error,error,error,error,error,error,error,error,error,error,error,error,error,error,False
ERA,ONE,disabled,disabled,disabled,disabled,disabled,disabled,disabled,disabled,disabled,disabled,disabled,disabled,disabled,disabled,False
ERA,LNA,error,error,error,error,error,error,error,error,error,error,error,error,error,error,False
PZE,ETH,error,error,error,error,error,error,error,error,error,error,error,error,error,error,False
PZE,OPT,error,error,error,error,error,error,error,error,error,error,error,error,error,error,False
PZE,CRO,disabled,disabled,disabled,disabled,disabled,disabled,disabled,disabled,disabled,disabled,disabled,disabled,disabled,disabled,False
PZE,BSC,error,error,error,error,error,error,error,error,error,error,error,error,error,error,False
PZE,OKT,error,error,error,error,error,error,error,error,error,error,error,error,error,error,False
PZE,DAI,error,error,error,error,error,error,error,error,error,error,error,error,error,error,False
PZE,VEL,no_token,no_token,no_token,no_token,no_token,no_token,no_token,no_token,no_token,no_token,no_token,no_token,no_token,no_token,False
PZE,FUS,error,error,error,error,error,error,error,error,error,error,error,error,error,error,False
PZE,POL,error,error,error,error,error,error,error,error,error,error,error,error,error,error,False
PZE,FTM,error,error,error,error,error,error,error,error,error,error,error,error,error,error,False
PZE,BOB,error,error,error,error,error,error,error,error,error,error,error,error,error,error,False
PZE,ERA,error,error,error,error,error,error,error,error,error,error,error,error,error,error,False
PZE,MOO,error,error,error,error,error,error,error,error,error,error,error,error,error,error,False
PZE,MOR,error,error,error,error,error,error,error,error,error,error,error,error,error,error,False
PZE,BAS,error,error,error,error,error,error,error,error,error,error,error,error,error,error,False
PZE,EVM,error,error,error,error,error,error,error,error,error,error,error,error,error,error,False
PZE,ARB,error,error,error,error,error,error,error,error,error,error,error,error,error,error,False
PZE,CEL,disabled,disabled,disabled,disabled,disabled,disabled,disabled,disabled,disabled,disabled,disabled,disabled,disabled,disabled,False
PZE,AVA,error,error,error,error,error,error,error,error,error,error,error,error,error,error,False
PZE,AUR,error,error,error,error,error,error,error,error,error,error,error,error,error,error,False
PZE,ONE,disabled,disabled,disabled,disabled,disabled,disabled,disabled,disabled,disabled,disabled,disabled,disabled,disabled,disabled,False
PZE,LNA,error,error,error,error,error,error,error,error,error,error,error,error,error,error,False
MOO,ETH,error,error,error,error,error,error,error,error,error,error,error,error,error,error,False
MOO,OPT,error,error,error,error,error,error,error,error,error,error,error,error,error,error,False
MOO,CRO,disabled,disabled,disabled,disabled,disabled,disabled,disabled,disabled,disabled,disabled,disabled,disabled,disabled,disabled,False
MOO,BSC,error,error,error,error,error,error,error,error,error,error,error,error,error,error,False
MOO,OKT,error,error,error,error,error,error,error,error,error,error,error,error,error,error,False
MOO,DAI,error,error,error,error,error,error,error,error,error,error,error,error,error,error,False
MOO,VEL,no_token,no_token,no_token,no_token,no_token,no_token,no_token,no_token,no_token,no_token,no_token,no_token,no_token,no_token,False
MOO,FUS,error,error,error,error,error,error,error,error,error,error,error,error,error,error,False
MOO,POL,error,error,error,error,error,error,error,error,error,error,error,error,error,error,False
MOO,FTM,error,error,error,error,error,error,error,error,error,error,error,error,error,error,False
MOO,BOB,error,error,error,error,error,error,error,error,error,error,error,error,error,error,False
MOO,ERA,error,error,error,error,error,error,error,error,error,error,error,error,error,error,False
MOO,PZE,error,error,error,error,error,error,error,error,error,error,error,error,error,error,False
MOO,MOR,error,error,error,error,error,error,error,error,error,error,error,error,error,error,False
MOO,BAS,error,error,error,error,error,error,error,error,error,error,error,error,error,error,False
MOO,EVM,error,error,error,error,error,error,error,error,error,error,error,error,error,error,False
MOO,ARB,error,error,error,error,error,error,error,error,error,error,error,error,error,error,False
MOO,CEL,disabled,disabled,disabled,disabled,disabled,disabled,disabled,disabled,disabled,disabled,disabled,disabled,disabled,disabled,False
MOO,AVA,error,error,error,error,error,error,error,error,error,error,error,error,error,error,False
MOO,AUR,error,error,error,error,error,error,error,error,error,error,error,error,error,error,False
MOO,ONE,disabled,disabled,disabled,disabled,disabled,disabled,disabled,disabled,disabled,disabled,disabled,disabled,disabled,disabled,False
MOO,LNA,error,error,error,error,error,error,error,error,error,error,error,error,error,error,False
MOR,ETH,error,error,error,error,error,error,error,error,error,error,error,error,error,error,False
MOR,OPT,error,error,error,error,error,error,error,error,error,error,error,error,error,error,False
MOR,CRO,disabled,disabled,disabled,disabled,disabled,disabled,disabled,disabled,disabled,disabled,disabled,disabled,disabled,disabled,False
MOR,BSC,error,error,error,error,error,error,error,error,error,error,error,error,error,error,False
MOR,OKT,error,error,error,error,error,error,error,error,error,error,error,error,error,error,False
MOR,DAI,error,error,error,error,error,error,error,error,error,error,error,error,error,error,False
MOR,VEL,no_token,no_token,no_token,no_token,no_token,no_token,no_token,no_token,no_token,no_token,no_token,no_token,no_token,no_token,False
MOR,FUS,error,error,error,error,error,error,error,error,error,error,error,error,error,error,False
MOR,POL,error,error,error,error,error,error,error,error,error,error,error,error,error,error,False
MOR,FTM,error,error,error,error,error,error,error,error,error,error,error,error,error,error,False
MOR,BOB,error,error,error,error,error,error,error,error,error,error,error,error,error,error,False
MOR,ERA,error,error,error,error,error,error,error,error,error,error,error,error,error,error,False
MOR,PZE,error,error,error,error,error,error,error,error,error,error,error,error,error,error,False
MOR,MOO,error,error,error,error,error,error,error,error,error,error,error,error,error,error,False
MOR,BAS,error,error,error,error,error,error,error,error,error,error,error,error,error,error,False
MOR,EVM,error,error,error,error,error,error,error,error,error,error,error,error,error,error,False
MOR,ARB,error,error,error,error,error,error,error,error,error,error,error,error,error,error,False
MOR,CEL,disabled,disabled,disabled,disabled,disabled,disabled,disabled,disabled,disabled,disabled,disabled,disabled,disabled,disabled,False
MOR,AVA,error,error,error,error,error,error,error,error,error,error,error,error,error,error,False
MOR,AUR,error,error,error,error,error,error,error,error,error,error,error,error,error,error,False
MOR,ONE,disabled,disabled,disabled,disabled,disabled,disabled,disabled,disabled,disabled,disabled,disabled,disabled,disabled,disabled,False
MOR,LNA,error,error,error,error,error,error,error,error,error,error,error,error,error,error,False
BAS,ETH,Across,Base,USDC,1000000000,Ethereum,USDC,995140815,0.38,0.38,4.48,0.04,ETH,1000.00,995.14,True
BAS,OPT,error,error,error,error,error,error,error,error,error,error,error,error,error,error,False
BAS,CRO,disabled,disabled,disabled,disabled,disabled,disabled,disabled,disabled,disabled,disabled,disabled,disabled,disabled,disabled,False
BAS,BSC,Stargate,Base,USDC,1000000000,Binance,USDC,988154586984905728688,0.61,0.61,0.03,0.13,ETH,1000.00,988.15,True
BAS,OKT,error,error,error,error,error,error,error,error,error,error,error,error,error,error,False
BAS,DAI,Hop,Base,USDC,1000000000,Gnosis,USDC,997243482,0.80,0.80,0.70,0.06,ETH,1000.00,997.24,True
BAS,VEL,no_token,no_token,no_token,no_token,no_token,no_token,no_token,no_token,no_token,no_token,no_token,no_token,no_token,no_token,False
BAS,FUS,error,error,error,error,error,error,error,error,error,error,error,error,error,error,False
BAS,POL,Across,Base,USDC,1000000000,Polygon,USDC,999492537,0.38,0.38,0.13,0.04,ETH,1000.00,999.49,True
BAS,FTM,error,error,error,error,error,error,error,error,error,error,error,error,error,error,False
BAS,BOB,error,error,error,error,error,error,error,error,error,error,error,error,error,error,False
BAS,ERA,Across,Base,USDC,1000000000,zkSync Era,USDC,999187478,0.38,0.38,0.43,0.04,ETH,1000.00,999.19,True
BAS,PZE,error,error,error,error,error,error,error,error,error,error,error,error,error,error,False
BAS,MOO,error,error,error,error,error,error,error,error,error,error,error,error,error,error,False
BAS,MOR,error,error,error,error,error,error,error,error,error,error,error,error,error,error,False
BAS,EVM,error,error,error,error,error,error,error,error,error,error,error,error,error,error,False
BAS,ARB,error,error,error,error,error,error,error,error,error,error,error,error,error,error,False
BAS,CEL,disabled,disabled,disabled,disabled,disabled,disabled,disabled,disabled,disabled,disabled,disabled,disabled,disabled,disabled,False
BAS,AVA,Stargate,Base,USDC,1000000000,Avalanche,USDC,999400000,0.47,0.47,0.03,0.11,ETH,1000.00,999.40,True
BAS,AUR,error,error,error,error,error,error,error,error,error,error,error,error,error,error,False
BAS,ONE,disabled,disabled,disabled,disabled,disabled,disabled,disabled,disabled,disabled,disabled,disabled,disabled,disabled,disabled,False
BAS,LNA,error,error,error,error,error,error,error,error,error,error,error,error,error,error,False
EVM,ETH,error,error,error,error,error,error,error,error,error,error,error,error,error,error,False
EVM,OPT,error,error,error,error,error,error,error,error,error,error,error,error,error,error,False
EVM,CRO,disabled,disabled,disabled,disabled,disabled,disabled,disabled,disabled,disabled,disabled,disabled,disabled,disabled,disabled,False
EVM,BSC,error,error,error,error,error,error,error,error,error,error,error,error,error,error,False
EVM,OKT,error,error,error,error,error,error,error,error,error,error,error,error,error,error,False
EVM,DAI,error,error,error,error,error,error,error,error,error,error,error,error,error,error,False
EVM,VEL,no_token,no_token,no_token,no_token,no_token,no_token,no_token,no_token,no_token,no_token,no_token,no_token,no_token,no_token,False
EVM,FUS,error,error,error,error,error,error,error,error,error,error,error,error,error,error,False
EVM,POL,error,error,error,error,error,error,error,error,error,error,error,error,error,error,False
EVM,FTM,error,error,error,error,error,error,error,error,error,error,error,error,error,error,False
EVM,BOB,error,error,error,error,error,error,error,error,error,error,error,error,error,error,False
EVM,ERA,error,error,error,error,error,error,error,error,error,error,error,error,error,error,False
EVM,PZE,error,error,error,error,error,error,error,error,error,error,error,error,error,error,False
EVM,MOO,error,error,error,error,error,error,error,error,error,error,error,error,error,error,False
EVM,MOR,error,error,error,error,error,error,error,error,error,error,error,error,error,error,False
EVM,BAS,error,error,error,error,error,error,error,error,error,error,error,error,error,error,False
EVM,ARB,error,error,error,error,error,error,error,error,error,error,error,error,error,error,False
EVM,CEL,disabled,disabled,disabled,disabled,disabled,disabled,disabled,disabled,disabled,disabled,disabled,disabled,disabled,disabled,False
EVM,AVA,error,error,error,error,error,error,error,error,error,error,error,error,error,error,False
EVM,AUR,error,error,error,error,error,error,error,error,error,error,error,error,error,error,False
EVM,ONE,disabled,disabled,disabled,disabled,disabled,disabled,disabled,disabled,disabled,disabled,disabled,disabled,disabled,disabled,False
EVM,LNA,error,error,error,error,error,error,error,error,error,error,error,error,error,error,False
ARB,ETH,Allbridge,Arbitrum,USDC,1000000000,Ethereum,USDC,993618693,8.03,8.03,,0.05,ETH,1000.00,993.62,True
ARB,OPT,Circle CCTP,Arbitrum,USDC,1000000000,Optimism,USDC,999000000,1.00,1.00,0.00,0.05,ETH,1000.00,999.00,True
ARB,CRO,disabled,disabled,disabled,disabled,disabled,disabled,disabled,disabled,disabled,disabled,disabled,disabled,disabled,disabled,False
ARB,BSC,error,error,error,error,error,error,error,error,error,error,error,error,error,error,False
ARB,OKT,error,error,error,error,error,error,error,error,error,error,error,error,error,error,False
ARB,DAI,error,error,error,error,error,error,error,error,error,error,error,error,error,error,False
ARB,VEL,no_token,no_token,no_token,no_token,no_token,no_token,no_token,no_token,no_token,no_token,no_token,no_token,no_token,no_token,False
ARB,FUS,error,error,error,error,error,error,error,error,error,error,error,error,error,error,False
ARB,POL,Allbridge,Arbitrum,USDC,1000000000,Polygon,USDC,999048150,0.03,0.03,,0.05,ETH,1000.00,999.05,True
ARB,FTM,error,error,error,error,error,error,error,error,error,error,error,error,error,error,False
ARB,BOB,error,error,error,error,error,error,error,error,error,error,error,error,error,error,False
ARB,ERA,error,error,error,error,error,error,error,error,error,error,error,error,error,error,False
ARB,PZE,error,error,error,error,error,error,error,error,error,error,error,error,error,error,False
ARB,MOO,error,error,error,error,error,error,error,error,error,error,error,error,error,error,False
ARB,MOR,error,error,error,error,error,error,error,error,error,error,error,error,error,error,False
ARB,BAS,error,error,error,error,error,error,error,error,error,error,error,error,error,error,False
ARB,EVM,error,error,error,error,error,error,error,error,error,error,error,error,error,error,False
ARB,CEL,disabled,disabled,disabled,disabled,disabled,disabled,disabled,disabled,disabled,disabled,disabled,disabled,disabled,disabled,False
ARB,AVA,Circle CCTP,Arbitrum,USDC,1000000000,Avalanche,USDC,999700000,0.30,0.30,0.00,0.05,ETH,1000.00,999.70,True
ARB,AUR,error,error,error,error,error,error,error,error,error,error,error,error,error,error,False
ARB,ONE,disabled,disabled,disabled,disabled,disabled,disabled,disabled,disabled,disabled,disabled,disabled,disabled,disabled,disabled,False
ARB,LNA,error,error,error,error,error,error,error,error,error,error,error,error,error,error,False
CEL,ETH,disabled,disabled,disabled,disabled,disabled,disabled,disabled,disabled,disabled,disabled,disabled,disabled,disabled,disabled,False
CEL,OPT,disabled,disabled,disabled,disabled,disabled,disabled,disabled,disabled,disabled,disabled,disabled,disabled,disabled,disabled,False
CEL,CRO,disabled,disabled,disabled,disabled,disabled,disabled,disabled,disabled,disabled,disabled,disabled,disabled,disabled,disabled,False
CEL,BSC,disabled,disabled,disabled,disabled,disabled,disabled,disabled,disabled,disabled,disabled,disabled,disabled,disabled,disabled,False
CEL,OKT,disabled,disabled,disabled,disabled,disabled,disabled,disabled,disabled,disabled,disabled,disabled,disabled,disabled,disabled,False
CEL,DAI,disabled,disabled,disabled,disabled,disabled,disabled,disabled,disabled,disabled,disabled,disabled,disabled,disabled,disabled,False
CEL,VEL,no_token,no_token,no_token,no_token,no_token,no_token,no_token,no_token,no_token,no_token,no_token,no_token,no_token,no_token,False
CEL,FUS,disabled,disabled,disabled,disabled,disabled,disabled,disabled,disabled,disabled,disabled,disabled,disabled,disabled,disabled,False
CEL,POL,disabled,disabled,disabled,disabled,disabled,disabled,disabled,disabled,disabled,disabled,disabled,disabled,disabled,disabled,False
CEL,FTM,disabled,disabled,disabled,disabled,disabled,disabled,disabled,disabled,disabled,disabled,disabled,disabled,disabled,disabled,False
CEL,BOB,disabled,disabled,disabled,disabled,disabled,disabled,disabled,disabled,disabled,disabled,disabled,disabled,disabled,disabled,False
CEL,ERA,disabled,disabled,disabled,disabled,disabled,disabled,disabled,disabled,disabled,disabled,disabled,disabled,disabled,disabled,False
CEL,PZE,disabled,disabled,disabled,disabled,disabled,disabled,disabled,disabled,disabled,disabled,disabled,disabled,disabled,disabled,False
CEL,MOO,disabled,disabled,disabled,disabled,disabled,disabled,disabled,disabled,disabled,disabled,disabled,disabled,disabled,disabled,False
CEL,MOR,disabled,disabled,disabled,disabled,disabled,disabled,disabled,disabled,disabled,disabled,disabled,disabled,disabled,disabled,False
CEL,BAS,disabled,disabled,disabled,disabled,disabled,disabled,disabled,disabled,disabled,disabled,disabled,disabled,disabled,disabled,False
CEL,EVM,disabled,disabled,disabled,disabled,disabled,disabled,disabled,disabled,disabled,disabled,disabled,disabled,disabled,disabled,False
CEL,ARB,disabled,disabled,disabled,disabled,disabled,disabled,disabled,disabled,disabled,disabled,disabled,disabled,disabled,disabled,False
CEL,AVA,disabled,disabled,disabled,disabled,disabled,disabled,disabled,disabled,disabled,disabled,disabled,disabled,disabled,disabled,False
CEL,AUR,disabled,disabled,disabled,disabled,disabled,disabled,disabled,disabled,disabled,disabled,disabled,disabled,disabled,disabled,False
CEL,ONE,disabled,disabled,disabled,disabled,disabled,disabled,disabled,disabled,disabled,disabled,disabled,disabled,disabled,disabled,False
CEL,LNA,disabled,disabled,disabled,disabled,disabled,disabled,disabled,disabled,disabled,disabled,disabled,disabled,disabled,disabled,False
AVA,ETH,Stargate,Avalanche,USDC,1000000000,Ethereum,USDC,999400000,12.53,12.53,0.03,0.14,AVAX,1000.00,999.40,True
AVA,OPT,Circle CCTP,Avalanche,USDC,1000000000,Optimism,USDC,999000000,1.00,1.00,0.00,0.07,AVAX,1000.00,999.00,True
AVA,CRO,disabled,disabled,disabled,disabled,disabled,disabled,disabled,disabled,disabled,disabled,disabled,disabled,disabled,disabled,False
AVA,BSC,Hyphen,Avalanche,USDC,1000000000,Binance,USDC,984305272400124977139,3.00,3.00,1.44,0.11,AVAX,1000.00,984.31,True
AVA,OKT,error,error,error,error,error,error,error,error,error,error,error,error,error,error,False
AVA,DAI,error,error,error,error,error,error,error,error,error,error,error,error,error,error,False
AVA,VEL,no_token,no_token,no_token,no_token,no_token,no_token,no_token,no_token,no_token,no_token,no_token,no_token,no_token,no_token,False
AVA,FUS,error,error,error,error,error,error,error,error,error,error,error,error,error,error,False
AVA,POL,Stargate,Avalanche,USDC,1000000000,Polygon,USDC,999400000,0.36,0.36,0.03,0.14,AVAX,1000.00,999.40,True
AVA,FTM,Stargate,Avalanche,USDC,1000000000,Fantom,USDC,999000000,1.12,1.12,0.03,0.14,AVAX,1000.00,999.00,True
AVA,BOB,error,error,error,error,error,error,error,error,error,error,error,error,error,error,False
AVA,ERA,Celer cBridge,Avalanche,USDC,1000000000,zkSync Era,USDC,982036354,3.00,3.00,2.55,0.09,AVAX,1000.00,982.04,True
AVA,PZE,error,error,error,error,error,error,error,error,error,error,error,error,error,error,False
AVA,MOO,error,error,error,error,error,error,error,error,error,error,error,error,error,error,False
AVA,MOR,error,error,error,error,error,error,error,error,error,error,error,error,error,error,False
AVA,BAS,Stargate,Avalanche,USDC,1000000000,Base,USDC,999400000,0.28,0.28,0.03,0.14,AVAX,1000.00,999.40,True
AVA,EVM,error,error,error,error,error,error,error,error,error,error,error,error,error,error,False
AVA,ARB,Circle CCTP,Avalanche,USDC,1000000000,Arbitrum,USDC,999000000,1.00,1.00,0.00,0.07,AVAX,1000.00,999.00,True
AVA,CEL,disabled,disabled,disabled,disabled,disabled,disabled,disabled,disabled,disabled,disabled,disabled,disabled,disabled,disabled,False
AVA,AUR,error,error,error,error,error,error,error,error,error,error,error,error,error,error,False
AVA,ONE,disabled,disabled,disabled,disabled,disabled,disabled,disabled,disabled,disabled,disabled,disabled,disabled,disabled,disabled,False
AVA,LNA,error,error,error,error,error,error,error,error,error,error,error,error,error,error,False
AUR,ETH,error,error,error,error,error,error,error,error,error,error,error,error,error,error,False
AUR,OPT,error,error,error,error,error,error,error,error,error,error,error,error,error,error,False
AUR,CRO,disabled,disabled,disabled,disabled,disabled,disabled,disabled,disabled,disabled,disabled,disabled,disabled,disabled,disabled,False
AUR,BSC,error,error,error,error,error,error,error,error,error,error,error,error,error,error,False
AUR,OKT,error,error,error,error,error,error,error,error,error,error,error,error,error,error,False
AUR,DAI,error,error,error,error,error,error,error,error,error,error,error,error,error,error,False
AUR,VEL,no_token,no_token,no_token,no_token,no_token,no_token,no_token,no_token,no_token,no_token,no_token,no_token,no_token,no_token,False
AUR,FUS,error,error,error,error,error,error,error,error,error,error,error,error,error,error,False
AUR,POL,error,error,error,error,error,error,error,error,error,error,error,error,error,error,False
AUR,FTM,error,error,error,error,error,error,error,error,error,error,error,error,error,error,False
AUR,BOB,error,error,error,error,error,error,error,error,error,error,error,error,error,error,False
AUR,ERA,error,error,error,error,error,error,error,error,error,error,error,error,error,error,False
AUR,PZE,error,error,error,error,error,error,error,error,error,error,error,error,error,error,False
AUR,MOO,error,error,error,error,error,error,error,error,error,error,error,error,error,error,False
AUR,MOR,error,error,error,error,error,error,error,error,error,error,error,error,error,error,False
AUR,BAS,error,error,error,error,error,error,error,error,error,error,error,error,error,error,False
AUR,EVM,error,error,error,error,error,error,error,error,error,error,error,error,error,error,False
AUR,ARB,error,error,error,error,error,error,error,error,error,error,error,error,error,error,False
AUR,CEL,disabled,disabled,disabled,disabled,disabled,disabled,disabled,disabled,disabled,disabled,disabled,disabled,disabled,disabled,False
AUR,AVA,error,error,error,error,error,error,error,error,error,error,error,error,error,error,False
AUR,ONE,disabled,disabled,disabled,disabled,disabled,disabled,disabled,disabled,disabled,disabled,disabled,disabled,disabled,disabled,False
AUR,LNA,error,error,error,error,error,error,error,error,error,error,error,error,error,error,False
ONE,ETH,disabled,disabled,disabled,disabled,disabled,disabled,disabled,disabled,disabled,disabled,disabled,disabled,disabled,disabled,False
ONE,OPT,disabled,disabled,disabled,disabled,disabled,disabled,disabled,disabled,disabled,disabled,disabled,disabled,disabled,disabled,False
ONE,CRO,disabled,disabled,disabled,disabled,disabled,disabled,disabled,disabled,disabled,disabled,disabled,disabled,disabled,disabled,False
ONE,BSC,disabled,disabled,disabled,disabled,disabled,disabled,disabled,disabled,disabled,disabled,disabled,disabled,disabled,disabled,False
ONE,OKT,disabled,disabled,disabled,disabled,disabled,disabled,disabled,disabled,disabled,disabled,disabled,disabled,disabled,disabled,False
ONE,DAI,disabled,disabled,disabled,disabled,disabled,disabled,disabled,disabled,disabled,disabled,disabled,disabled,disabled,disabled,False
ONE,VEL,no_token,no_token,no_token,no_token,no_token,no_token,no_token,no_token,no_token,no_token,no_token,no_token,no_token,no_token,False
ONE,FUS,disabled,disabled,disabled,disabled,disabled,disabled,disabled,disabled,disabled,disabled,disabled,disabled,disabled,disabled,False
ONE,POL,disabled,disabled,disabled,disabled,disabled,disabled,disabled,disabled,disabled,disabled,disabled,disabled,disabled,disabled,False
ONE,FTM,disabled,disabled,disabled,disabled,disabled,disabled,disabled,disabled,disabled,disabled,disabled,disabled,disabled,disabled,False
ONE,BOB,disabled,disabled,disabled,disabled,disabled,disabled,disabled,disabled,disabled,disabled,disabled,disabled,disabled,disabled,False
ONE,ERA,disabled,disabled,disabled,disabled,disabled,disabled,disabled,disabled,disabled,disabled,disabled,disabled,disabled,disabled,False
ONE,PZE,disabled,disabled,disabled,disabled,disabled,disabled,disabled,disabled,disabled,disabled,disabled,disabled,disabled,disabled,False
ONE,MOO,disabled,disabled,disabled,disabled,disabled,disabled,disabled,disabled,disabled,disabled,disabled,disabled,disabled,disabled,False
ONE,MOR,disabled,disabled,disabled,disabled,disabled,disabled,disabled,disabled,disabled,disabled,disabled,disabled,disabled,disabled,False
ONE,BAS,disabled,disabled,disabled,disabled,disabled,disabled,disabled,disabled,disabled,disabled,disabled,disabled,disabled,disabled,False
ONE,EVM,disabled,disabled,disabled,disabled,disabled,disabled,disabled,disabled,disabled,disabled,disabled,disabled,disabled,disabled,False
ONE,ARB,disabled,disabled,disabled,disabled,disabled,disabled,disabled,disabled,disabled,disabled,disabled,disabled,disabled,disabled,False
ONE,CEL,disabled,disabled,disabled,disabled,disabled,disabled,disabled,disabled,disabled,disabled,disabled,disabled,disabled,disabled,False
ONE,AVA,disabled,disabled,disabled,disabled,disabled,disabled,disabled,disabled,disabled,disabled,disabled,disabled,disabled,disabled,False
ONE,AUR,disabled,disabled,disabled,disabled,disabled,disabled,disabled,disabled,disabled,disabled,disabled,disabled,disabled,disabled,False
ONE,LNA,disabled,disabled,disabled,disabled,disabled,disabled,disabled,disabled,disabled,disabled,disabled,disabled,disabled,disabled,False
LNA,ETH,error,error,error,error,error,error,error,error,error,error,error,error,error,error,False
LNA,OPT,error,error,error,error,error,error,error,error,error,error,error,error,error,error,False
LNA,CRO,disabled,disabled,disabled,disabled,disabled,disabled,disabled,disabled,disabled,disabled,disabled,disabled,disabled,disabled,False
LNA,BSC,error,error,error,error,error,error,error,error,error,error,error,error,error,error,False
LNA,OKT,error,error,error,error,error,error,error,error,error,error,error,error,error,error,False
LNA,DAI,error,error,error,error,error,error,error,error,error,error,error,error,error,error,False
LNA,VEL,no_token,no_token,no_token,no_token,no_token,no_token,no_token,no_token,no_token,no_token,no_token,no_token,no_token,no_token,False
LNA,FUS,error,error,error,error,error,error,error,error,error,error,error,error,error,error,False
LNA,POL,error,error,error,error,error,error,error,error,error,error,error,error,error,error,False
LNA,FTM,error,error,error,error,error,error,error,error,error,error,error,error,error,error,False
LNA,BOB,error,error,error,error,error,error,error,error,error,error,error,error,error,error,False
LNA,ERA,error,error,error,error,error,error,error,error,error,error,error,error,error,error,False
LNA,PZE,error,error,error,error,error,error,error,error,error,error,error,error,error,error,False
LNA,MOO,error,error,error,error,error,error,error,error,error,error,error,error,error,error,False
LNA,MOR,error,error,error,error,error,error,error,error,error,error,error,error,error,error,False
LNA,BAS,error,error,error,error,error,error,error,error,error,error,error,error,error,error,False
LNA,EVM,error,error,error,error,error,error,error,error,error,error,error,error,error,error,False
LNA,ARB,error,error,error,error,error,error,error,error,error,error,error,error,error,error,False
LNA,CEL,disabled,disabled,disabled,disabled,disabled,disabled,disabled,disabled,disabled,disabled,disabled,disabled,disabled,disabled,False
LNA,AVA,error,error,error,error,error,error,error,error,error,error,error,error,error,error,False
LNA,AUR,error,error,error,error,error,error,error,error,error,error,error,error,error,error,False
LNA,ONE,disabled,disabled,disabled,disabled,disabled,disabled,disabled,disabled,disabled,disabled,disabled,disabled,disabled,disabled,False
