bridge,source_chain,sent_token,target_chain,recived_token,est_amount_sent_usd,est_tx_fee,router_fee_usd,relayer_fee_usd,est_gas_cost_usd,gas_symbol,est_amount_recived_usd
Across,Base,USDC,Ethereum,USDC,1000.00,0.38,0.38,4.48,0.04,ETH,995.14
Across,Base,USDC,Polygon,USDC,1000.00,0.38,0.38,0.13,0.04,ETH,999.49
Across,Base,USDC,zkSync Era,USDC,1000.00,0.38,0.38,0.43,0.04,ETH,999.19
Across,Ethereum,USDC,Polygon,USDC,1000.00,0.00,0.00,0.14,3.47,ETH,999.86
Across,Ethereum,USDC,zkSync Era,USDC,1000.00,0.00,0.00,0.43,3.50,ETH,999.57
Across,Ethereum,USDC,Base,USDC,1000.00,0.00,0.00,0.41,3.50,ETH,999.59
Across,Polygon,USDC,Ethereum,USDC,1000.00,0.38,0.38,4.04,0.01,MATIC,995.57
Across,Polygon,USDC,zkSync Era,USDC,1000.00,0.38,0.38,0.43,0.01,MATIC,999.19
Across,Polygon,USDC,Base,USDC,1000.00,0.38,0.38,0.41,0.01,MATIC,999.21
Across,zkSync Era,USDC,Ethereum,USDC,1000.00,0.38,0.38,4.84,0.10,ETH,994.78
Across,zkSync Era,USDC,Polygon,USDC,1000.00,0.38,0.38,0.12,0.10,ETH,999.50
Across,zkSync Era,USDC,Base,USDC,1000.00,0.38,0.38,0.41,0.10,ETH,999.21
Allbridge,Arbitrum,USDC,Ethereum,USDC,1000.00,8.03,8.03,,0.05,ETH,993.62
Allbridge,Arbitrum,USDC,Polygon,USDC,1000.00,0.03,0.03,,0.05,ETH,999.05
Allbridge,Polygon,USDC,Arbitrum,USDC,1000.00,0.29,0.29,,0.02,MATIC,992.30
Celer cBridge,Avalanche,USDC,zkSync Era,USDC,1000.00,3.00,3.00,2.55,0.09,AVAX,982.04
Celer cBridge,zkSync Era,USDC,Binance,USDC,1000.00,1.86,1.86,1.00,0.09,ETH,997.14
Circle CCTP,Arbitrum,USDC,Optimism,USDC,1000.00,1.00,1.00,0.00,0.05,ETH,999.00
Circle CCTP,Arbitrum,USDC,Avalanche,USDC,1000.00,0.30,0.30,0.00,0.05,ETH,999.70
Circle CCTP,Avalanche,USDC,Optimism,USDC,1000.00,1.00,1.00,0.00,0.07,AVAX,999.00
Circle CCTP,Avalanche,USDC,Arbitrum,USDC,1000.00,1.00,1.00,0.00,0.07,AVAX,999.00
Circle CCTP,Ethereum,USDC,Optimism,USDC,1000.00,1.00,1.00,0.00,6.13,ETH,999.00
Circle CCTP,Ethereum,USDC,Arbitrum,USDC,1000.00,1.00,1.00,0.00,6.20,ETH,999.00
Circle CCTP,Ethereum,USDC,Avalanche,USDC,1000.00,0.30,0.30,0.00,6.20,ETH,999.70
Circle CCTP,Optimism,USDC,Ethereum,USDC,1000.00,20.00,20.00,0.00,0.02,ETH,980.00
Circle CCTP,Optimism,USDC,Arbitrum,USDC,1000.00,1.00,1.00,0.00,0.02,ETH,999.00
Circle CCTP,Optimism,USDC,Avalanche,USDC,1000.00,0.30,0.30,0.00,0.02,ETH,999.70
Connext,Gnosis,USDC,Ethereum,USDC,1000.00,0.50,0.50,12.14,0.01,xDAI,999.50
Connext,Gnosis,USDC,Binance,USDC,1000.00,0.50,0.50,0.51,0.01,xDAI,998.39
Connext,Gnosis,USDC,Polygon,USDC,1000.00,0.50,0.50,0.03,0.01,xDAI,999.55
Connext,Polygon,USDC,Gnosis,USDC,1000.00,0.50,0.50,0.01,0.03,MATIC,997.69
Hop,Base,USDC,Gnosis,USDC,1000.00,0.80,0.80,0.70,0.06,ETH,997.24
Hop,Gnosis,USDC,Base,USDC,1000.00,0.80,0.80,0.70,0.01,xDAI,999.60
Hyphen,Avalanche,USDC,Binance,USDC,1000.00,3.00,3.00,1.44,0.11,AVAX,984.31
Hyphen,Ethereum,USDC,Binance,USDC,1000.00,1.46,1.46,0.13,4.98,ETH,998.48
Hyphen,Polygon,USDC,Binance,USDC,1000.00,1.46,1.46,0.08,0.02,MATIC,999.12
Omni Bridge,Ethereum,USDC,Gnosis,USDC,1000.00,,,,6.55,ETH,1000.00
Stargate,Avalanche,USDC,Ethereum,USDC,1000.00,12.53,12.53,0.03,0.14,AVAX,999.40
Stargate,Avalanche,USDC,Polygon,USDC,1000.00,0.36,0.36,0.03,0.14,AVAX,999.40
Stargate,Avalanche,USDC,Fantom,USDC,1000.00,1.12,1.12,0.03,0.14,AVAX,999.00
Stargate,Avalanche,USDC,Base,USDC,1000.00,0.28,0.28,0.03,0.14,AVAX,999.40
Stargate,Base,USDC,Binance,USDC,1000.00,0.61,0.61,0.03,0.13,ETH,988.15
Stargate,Base,USDC,Avalanche,USDC,1000.00,0.47,0.47,0.03,0.11,ETH,999.40
Stargate,Fantom,USDC,Binance,USDC,1000.00,1.27,1.27,0.03,0.01,FTM,988.15
Stargate,Fantom,USDC,Polygon,USDC,1000.00,0.38,0.38,0.03,0.01,FTM,999.00
Stargate,Fantom,USDC,Avalanche,USDC,1000.00,0.47,0.47,0.03,0.01,FTM,999.00
Stargate,Polygon,USDC,Fantom,USDC,1000.00,1.11,1.11,0.03,0.04,MATIC,999.00
Stargate,Polygon,USDC,Avalanche,USDC,1000.00,0.44,0.44,0.03,0.04,MATIC,999.40
