name,supportedChains,source_chain,target_chain
Hop,"[{'fromChainId': 1, 'toChainId': 137}, {'fromChainId': 1, 'toChainId': 100}, {'fromChainId': 1, 'toChainId': 10}, {'fromChainId': 1, 'toChainId': 42161}, {'fromChainId': 1, 'toChainId': 8453}, {'fromChainId': 137, 'toChainId': 1}, {'fromChainId': 137, 'toChainId': 100}, {'fromChainId': 137, 'toChainId': 10}, {'fromChainId': 137, 'toChainId': 42161}, {'fromChainId': 137, 'toChainId': 8453}, {'fromChainId': 100, 'toChainId': 1}, {'fromChainId': 100, 'toChainId': 137}, {'fromChainId': 100, 'toChainId': 10}, {'fromChainId': 100, 'toChainId': 42161}, {'fromChainId': 100, 'toChainId': 8453}, {'fromChainId': 10, 'toChainId': 1}, {'fromChainId': 10, 'toChainId': 137}, {'fromChainId': 10, 'toChainId': 100}, {'fromChainId': 10, 'toChainId': 42161}, {'fromChainId': 10, 'toChainId': 8453}, {'fromChainId': 42161, 'toChainId': 1}, {'fromChainId': 42161, 'toChainId': 137}, {'fromChainId': 42161, 'toChainId': 100}, {'fromChainId': 42161, 'toChainId': 10}, {'fromChainId': 42161, 'toChainId': 8453}, {'fromChainId': 8453, 'toChainId': 1}, {'fromChainId': 8453, 'toChainId': 137}, {'fromChainId': 8453, 'toChainId': 100}, {'fromChainId': 8453, 'toChainId': 10}, {'fromChainId': 8453, 'toChainId': 42161}]","['Ethereum', 'Gnosis', 'Base', 'Polygon', 'Optimism', 'Arbitrum']","['Ethereum', 'Gnosis', 'Base', 'Polygon', 'Optimism', 'Arbitrum']"
Celer cBridge,"[{'fromChainId': 1, 'toChainId': 288}, {'fromChainId': 1, 'toChainId': 43114}, {'fromChainId': 1, 'toChainId': 1101}, {'fromChainId': 1, 'toChainId': 10}, {'fromChainId': 1, 'toChainId': 56}, {'fromChainId': 1, 'toChainId': 137}, {'fromChainId': 1, 'toChainId': 42161}, {'fromChainId': 1, 'toChainId': 324}, {'fromChainId': 56, 'toChainId': 43114}, {'fromChainId': 56, 'toChainId': 1101}, {'fromChainId': 56, 'toChainId': 10}, {'fromChainId': 56, 'toChainId': 1}, {'fromChainId': 56, 'toChainId': 137}, {'fromChainId': 56, 'toChainId': 42161}, {'fromChainId': 56, 'toChainId': 324}, {'fromChainId': 43114, 'toChainId': 1}, {'fromChainId': 43114, 'toChainId': 56}, {'fromChainId': 43114, 'toChainId': 137}, {'fromChainId': 43114, 'toChainId': 42161}, {'fromChainId': 43114, 'toChainId': 10}, {'fromChainId': 43114, 'toChainId': 1101}, {'fromChainId': 43114, 'toChainId': 324}, {'fromChainId': 137, 'toChainId': 43114}, {'fromChainId': 137, 'toChainId': 1101}, {'fromChainId': 137, 'toChainId': 10}, {'fromChainId': 137, 'toChainId': 1}, {'fromChainId': 137, 'toChainId': 56}, {'fromChainId': 137, 'toChainId': 42161}, {'fromChainId': 137, 'toChainId': 324}, {'fromChainId': 42161, 'toChainId': 43114}, {'fromChainId': 42161, 'toChainId': 10}, {'fromChainId': 42161, 'toChainId': 1101}, {'fromChainId': 42161, 'toChainId': 1}, {'fromChainId': 42161, 'toChainId': 56}, {'fromChainId': 42161, 'toChainId': 137}, {'fromChainId': 42161, 'toChainId': 324}, {'fromChainId': 10, 'toChainId': 43114}, {'fromChainId': 10, 'toChainId': 42161}, {'fromChainId': 10, 'toChainId': 1101}, {'fromChainId': 10, 'toChainId': 324}, {'fromChainId': 10, 'toChainId': 1}, {'fromChainId': 10, 'toChainId': 56}, {'fromChainId': 10, 'toChainId': 137}, {'fromChainId': 288, 'toChainId': 1}, {'fromChainId': 1101, 'toChainId': 1}, {'fromChainId': 1101, 'toChainId': 56}, {'fromChainId': 1101, 'toChainId': 43114}, {'fromChainId': 1101, 'toChainId': 137}, {'fromChainId': 1101, 'toChainId': 42161}, {'fromChainId': 1101, 'toChainId': 10}, {'fromChainId': 1101, 'toChainId': 324}, {'fromChainId': 324, 'toChainId': 43114}, {'fromChainId': 324, 'toChainId': 10}, {'fromChainId': 324, 'toChainId': 1101}, {'fromChainId': 324, 'toChainId': 1}, {'fromChainId': 324, 'toChainId': 56}, {'fromChainId': 324, 'toChainId': 137}, {'fromChainId': 324, 'toChainId': 42161}]","['Boba', 'Ethereum', 'zkSync Era', 'Polygon', 'Avalanche', 'Optimism', 'Polygon zkEVM', 'Arbitrum', 'Binance']","['Boba', 'Ethereum', 'zkSync Era', 'Polygon', 'Avalanche', 'Optimism', 'Polygon zkEVM', 'Arbitrum', 'Binance']"
Optimism Gateway,"[{'fromChainId': 1, 'toChainId': 10}]",['Ethereum'],['Optimism']
Hyphen,"[{'fromChainId': 1, 'toChainId': 43114}, {'fromChainId': 1, 'toChainId': 56}, {'fromChainId': 1, 'toChainId': 137}, {'fromChainId': 1, 'toChainId': 10}, {'fromChainId': 1, 'toChainId': 42161}, {'fromChainId': 10, 'toChainId': 1}, {'fromChainId': 10, 'toChainId': 137}, {'fromChainId': 10, 'toChainId': 56}, {'fromChainId': 10, 'toChainId': 43114}, {'fromChainId': 10, 'toChainId': 42161}, {'fromChainId': 56, 'toChainId': 1}, {'fromChainId': 56, 'toChainId': 137}, {'fromChainId': 56, 'toChainId': 43114}, {'fromChainId': 56, 'toChainId': 10}, {'fromChainId': 56, 'toChainId': 42161}, {'fromChainId': 137, 'toChainId': 56}, {'fromChainId': 137, 'toChainId': 1}, {'fromChainId': 137, 'toChainId': 42161}, {'fromChainId': 137, 'toChainId': 10}, {'fromChainId': 137, 'toChainId': 43114}, {'fromChainId': 42161, 'toChainId': 1}, {'fromChainId': 42161, 'toChainId': 137}, {'fromChainId': 42161, 'toChainId': 56}, {'fromChainId': 42161, 'toChainId': 43114}, {'fromChainId': 42161, 'toChainId': 10}, {'fromChainId': 43114, 'toChainId': 1}, {'fromChainId': 43114, 'toChainId': 137}, {'fromChainId': 43114, 'toChainId': 56}, {'fromChainId': 43114, 'toChainId': 10}, {'fromChainId': 43114, 'toChainId': 42161}]","['Ethereum', 'Polygon', 'Optimism', 'Avalanche', 'Arbitrum', 'Binance']","['Ethereum', 'Polygon', 'Avalanche', 'Optimism', 'Arbitrum', 'Binance']"
Omni Bridge,"[{'fromChainId': 1, 'toChainId': 100}]",['Ethereum'],['Gnosis']
Gnosis Bridge,"[{'fromChainId': 1, 'toChainId': 100}]",['Ethereum'],['Gnosis']
Stargate,"[{'fromChainId': 8453, 'toChainId': 56}, {'fromChainId': 8453, 'toChainId': 43114}, {'fromChainId': 8453, 'toChainId': 137}, {'fromChainId': 56, 'toChainId': 8453}, {'fromChainId': 137, 'toChainId': 8453}, {'fromChainId': 43114, 'toChainId': 8453}, {'fromChainId': 1, 'toChainId': 8453}, {'fromChainId': 1, 'toChainId': 59144}, {'fromChainId': 10, 'toChainId': 8453}, {'fromChainId': 10, 'toChainId': 59144}, {'fromChainId': 8453, 'toChainId': 10}, {'fromChainId': 8453, 'toChainId': 42161}, {'fromChainId': 8453, 'toChainId': 1}, {'fromChainId': 8453, 'toChainId': 59144}, {'fromChainId': 42161, 'toChainId': 8453}, {'fromChainId': 42161, 'toChainId': 59144}, {'fromChainId': 59144, 'toChainId': 8453}, {'fromChainId': 59144, 'toChainId': 42161}, {'fromChainId': 59144, 'toChainId': 10}, {'fromChainId': 59144, 'toChainId': 1}, {'fromChainId': 1, 'toChainId': 137}, {'fromChainId': 1, 'toChainId': 10}, {'fromChainId': 1, 'toChainId': 56}, {'fromChainId': 1, 'toChainId': 42161}, {'fromChainId': 1, 'toChainId': 43114}, {'fromChainId': 1, 'toChainId': 250}, {'fromChainId': 10, 'toChainId': 1}, {'fromChainId': 10, 'toChainId': 137}, {'fromChainId': 10, 'toChainId': 56}, {'fromChainId': 10, 'toChainId': 250}, {'fromChainId': 10, 'toChainId': 43114}, {'fromChainId': 10, 'toChainId': 42161}, {'fromChainId': 56, 'toChainId': 42161}, {'fromChainId': 56, 'toChainId': 43114}, {'fromChainId': 56, 'toChainId': 137}, {'fromChainId': 56, 'toChainId': 1}, {'fromChainId': 56, 'toChainId': 250}, {'fromChainId': 56, 'toChainId': 10}, {'fromChainId': 137, 'toChainId': 56}, {'fromChainId': 137, 'toChainId': 1}, {'fromChainId': 137, 'toChainId': 250}, {'fromChainId': 137, 'toChainId': 43114}, {'fromChainId': 137, 'toChainId': 42161}, {'fromChainId': 137, 'toChainId': 10}, {'fromChainId': 42161, 'toChainId': 56}, {'fromChainId': 42161, 'toChainId': 250}, {'fromChainId': 42161, 'toChainId': 1}, {'fromChainId': 42161, 'toChainId': 43114}, {'fromChainId': 42161, 'toChainId': 10}, {'fromChainId': 42161, 'toChainId': 137}, {'fromChainId': 43114, 'toChainId': 42161}, {'fromChainId': 43114, 'toChainId': 137}, {'fromChainId': 43114, 'toChainId': 56}, {'fromChainId': 43114, 'toChainId': 250}, {'fromChainId': 43114, 'toChainId': 1}, {'fromChainId': 43114, 'toChainId': 10}, {'fromChainId': 250, 'toChainId': 10}, {'fromChainId': 250, 'toChainId': 42161}, {'fromChainId': 250, 'toChainId': 43114}, {'fromChainId': 250, 'toChainId': 56}, {'fromChainId': 250, 'toChainId': 1}, {'fromChainId': 250, 'toChainId': 137}]","['Ethereum', 'Base', 'Linea', 'Polygon', 'Avalanche', 'Optimism', 'Arbitrum', 'Binance', 'Fantom']","['Ethereum', 'Base', 'Linea', 'Polygon', 'Avalanche', 'Optimism', 'Arbitrum', 'Binance', 'Fantom']"
Connext,"[{'fromChainId': 42161, 'toChainId': 56}, {'fromChainId': 42161, 'toChainId': 1}, {'fromChainId': 42161, 'toChainId': 100}, {'fromChainId': 42161, 'toChainId': 137}, {'fromChainId': 42161, 'toChainId': 10}, {'fromChainId': 1, 'toChainId': 100}, {'fromChainId': 1, 'toChainId': 42161}, {'fromChainId': 1, 'toChainId': 10}, {'fromChainId': 10, 'toChainId': 1}, {'fromChainId': 1, 'toChainId': 56}, {'fromChainId': 56, 'toChainId': 1}, {'fromChainId': 1, 'toChainId': 137}, {'fromChainId': 137, 'toChainId': 1}, {'fromChainId': 10, 'toChainId': 100}, {'fromChainId': 56, 'toChainId': 100}, {'fromChainId': 137, 'toChainId': 100}, {'fromChainId': 10, 'toChainId': 42161}, {'fromChainId': 56, 'toChainId': 42161}, {'fromChainId': 137, 'toChainId': 42161}, {'fromChainId': 10, 'toChainId': 56}, {'fromChainId': 56, 'toChainId': 10}, {'fromChainId': 10, 'toChainId': 137}, {'fromChainId': 137, 'toChainId': 10}, {'fromChainId': 56, 'toChainId': 137}, {'fromChainId': 137, 'toChainId': 56}, {'fromChainId': 100, 'toChainId': 56}, {'fromChainId': 100, 'toChainId': 1}, {'fromChainId': 100, 'toChainId': 10}, {'fromChainId': 100, 'toChainId': 137}, {'fromChainId': 100, 'toChainId': 42161}]","['Ethereum', 'Gnosis', 'Polygon', 'Optimism', 'Arbitrum', 'Binance']","['Ethereum', 'Gnosis', 'Polygon', 'Optimism', 'Arbitrum', 'Binance']"
Arbitrum Bridge,"[{'fromChainId': 1, 'toChainId': 42161}]",['Ethereum'],['Arbitrum']
Circle CCTP,"[{'fromChainId': 1, 'toChainId': 10}, {'fromChainId': 10, 'toChainId': 1}, {'fromChainId': 1, 'toChainId': 42161}, {'fromChainId': 42161, 'toChainId': 1}, {'fromChainId': 1, 'toChainId': 43114}, {'fromChainId': 43114, 'toChainId': 1}, {'fromChainId': 10, 'toChainId': 42161}, {'fromChainId': 42161, 'toChainId': 10}, {'fromChainId': 10, 'toChainId': 43114}, {'fromChainId': 43114, 'toChainId': 10}, {'fromChainId': 42161, 'toChainId': 43114}, {'fromChainId': 43114, 'toChainId': 42161}]","['Ethereum', 'Optimism', 'Arbitrum', 'Avalanche']","['Ethereum', 'Optimism', 'Arbitrum', 'Avalanche']"
Across,"[{'fromChainId': 1, 'toChainId': 10}, {'fromChainId': 1, 'toChainId': 137}, {'fromChainId': 1, 'toChainId': 42161}, {'fromChainId': 1, 'toChainId': 324}, {'fromChainId': 1, 'toChainId': 8453}, {'fromChainId': 10, 'toChainId': 1}, {'fromChainId': 10, 'toChainId': 137}, {'fromChainId': 10, 'toChainId': 42161}, {'fromChainId': 10, 'toChainId': 324}, {'fromChainId': 10, 'toChainId': 8453}, {'fromChainId': 137, 'toChainId': 1}, {'fromChainId': 137, 'toChainId': 10}, {'fromChainId': 137, 'toChainId': 42161}, {'fromChainId': 137, 'toChainId': 324}, {'fromChainId': 137, 'toChainId': 8453}, {'fromChainId': 42161, 'toChainId': 1}, {'fromChainId': 42161, 'toChainId': 10}, {'fromChainId': 42161, 'toChainId': 137}, {'fromChainId': 42161, 'toChainId': 324}, {'fromChainId': 42161, 'toChainId': 8453}, {'fromChainId': 324, 'toChainId': 1}, {'fromChainId': 324, 'toChainId': 10}, {'fromChainId': 324, 'toChainId': 42161}, {'fromChainId': 324, 'toChainId': 137}, {'fromChainId': 324, 'toChainId': 8453}, {'fromChainId': 8453, 'toChainId': 324}, {'fromChainId': 8453, 'toChainId': 1}, {'fromChainId': 8453, 'toChainId': 10}, {'fromChainId': 8453, 'toChainId': 42161}, {'fromChainId': 8453, 'toChainId': 137}]","['Ethereum', 'zkSync Era', 'Base', 'Polygon', 'Optimism', 'Arbitrum']","['Ethereum', 'zkSync Era', 'Base', 'Polygon', 'Optimism', 'Arbitrum']"
Polygon Bridge (PoS),"[{'fromChainId': 1, 'toChainId': 137}]",['Ethereum'],['Polygon']
Allbridge,"[{'fromChainId': 1, 'toChainId': 56}, {'fromChainId': 56, 'toChainId': 1}, {'fromChainId': 1, 'toChainId': 137}, {'fromChainId': 137, 'toChainId': 1}, {'fromChainId': 1, 'toChainId': 42161}, {'fromChainId': 42161, 'toChainId': 1}, {'fromChainId': 56, 'toChainId': 137}, {'fromChainId': 137, 'toChainId': 56}, {'fromChainId': 56, 'toChainId': 42161}, {'fromChainId': 42161, 'toChainId': 56}, {'fromChainId': 137, 'toChainId': 42161}, {'fromChainId': 42161, 'toChainId': 137}]","['Binance', 'Ethereum', 'Polygon', 'Arbitrum']","['Binance', 'Ethereum', 'Polygon', 'Arbitrum']"
CelerIM,"[{'fromChainId': 1, 'toChainId': 137}, {'fromChainId': 137, 'toChainId': 1}, {'fromChainId': 1, 'toChainId': 250}, {'fromChainId': 250, 'toChainId': 1}, {'fromChainId': 1, 'toChainId': 1285}, {'fromChainId': 1285, 'toChainId': 1}, {'fromChainId': 1, 'toChainId': 43114}, {'fromChainId': 43114, 'toChainId': 1}, {'fromChainId': 10, 'toChainId': 1}, {'fromChainId': 1, 'toChainId': 10}, {'fromChainId': 56, 'toChainId': 1}, {'fromChainId': 1, 'toChainId': 56}, {'fromChainId': 56, 'toChainId': 10}, {'fromChainId': 10, 'toChainId': 56}, {'fromChainId': 56, 'toChainId': 137}, {'fromChainId': 137, 'toChainId': 56}, {'fromChainId': 56, 'toChainId': 250}, {'fromChainId': 250, 'toChainId': 56}, {'fromChainId': 56, 'toChainId': 43114}, {'fromChainId': 43114, 'toChainId': 56}, {'fromChainId': 56, 'toChainId': 1313161554}, {'fromChainId': 1313161554, 'toChainId': 56}, {'fromChainId': 137, 'toChainId': 1285}, {'fromChainId': 1285, 'toChainId': 137}, {'fromChainId': 137, 'toChainId': 43114}, {'fromChainId': 43114, 'toChainId': 137}, {'fromChainId': 250, 'toChainId': 1313161554}, {'fromChainId': 1313161554, 'toChainId': 250}, {'fromChainId': 42161, 'toChainId': 1}, {'fromChainId': 1, 'toChainId': 42161}, {'fromChainId': 42161, 'toChainId': 56}, {'fromChainId': 56, 'toChainId': 42161}, {'fromChainId': 43114, 'toChainId': 1313161554}, {'fromChainId': 1313161554, 'toChainId': 43114}]","['Ethereum', 'Moonriver', 'Polygon', 'Avalanche', 'Optimism', 'Arbitrum', 'Aurora', 'Binance', 'Fantom']","['Ethereum', 'Moonriver', 'Polygon', 'Avalanche', 'Optimism', 'Arbitrum', 'Aurora', 'Binance', 'Fantom']"
