name,supportedChains
1inch,"['Ethereum', 'Binance', 'Polygon', 'Optimism', 'Avalanche', 'Gnosis', 'Fantom', 'Arbitrum', 'Aurora', 'zkSync Era', 'Base']"
OpenOcean,"['Avalanche', 'OKEX', 'HECO Chain', 'Boba', 'Aurora', 'Moonriver', 'Cronos', 'Polygon zkEVM', 'Celo']"
0x,"['Ethereum', 'Binance', 'Polygon', 'Fantom', 'Avalanche', 'Optimism', 'Arbitrum', 'Base']"
UniswapV2,"['Ethereum', 'Goerli']"
SushiSwap,"['Ethereum', 'Polygon', 'Binance', 'Gnosis', 'Fantom', 'Harmony', 'Avalanche', 'Arbitrum', 'Moonriver', 'HECO Chain', 'OKEX', 'Fuse', 'Celo', 'Harmony Testnet', 'Binance Testnet']"
ApeSwap,"['Ethereum', 'Polygon', 'Binance', 'Arbitrum']"
Verse Dex,['Ethereum']
Quickswap,['Polygon']
Honeyswap,"['Polygon', 'Gnosis']"
Lif3 Swap,"['Polygon', 'Binance']"
Pancake,['Binance']
Swapr,['Gnosis']
SpookySwap,['Fantom']
SpiritSwap,['Fantom']
SoulSwap,['Fantom']
Tomb Swap,['Fantom']
ViperSwap,['Harmony']
Pangolin,['Avalanche']
Arbswap,['Arbitrum']
Solarbeam,['Moonriver']
OKCSwap,['OKEX']
CronaSwap,['Cronos']
VVS Finance,['Cronos']
StellaSwap,['Moonbeam']
BeamSwap,['Moonbeam']
Voltage,['Fuse']
UbeSwap,['Celo']
OolongSwap,['Boba']
Diffusion,['Evmos']
Cronus,['Evmos']
Evmoswap,['Evmos']
Trisolaris,['Aurora']
Wagyuswap,['Velas']
Stable AMM,['Moonbeam']
