fromChain,response
ETH,"{""message"":""Could not find token USDC on chain 106""}"
OPT,"{""message"":""Could not find token USDC on chain 106""}"
CRO,"{""message"":""Could not find token USDC on chain 106""}"
BSC,"{""message"":""Could not find token USDC on chain 106""}"
OKT,"{""message"":""Could not find token USDC on chain 106""}"
DAI,"{""message"":""Could not find token USDC on chain 106""}"
VEL,"{""message"":""Could not find token USDC on chain 106""}"
FUS,"{""message"":""Could not find token USDC on chain 106""}"
POL,"{""message"":""Could not find token USDC on chain 106""}"
FTM,"{""message"":""Could not find token USDC on chain 106""}"
BOB,"{""message"":""Could not find token USDC on chain 106""}"
ERA,"{""message"":""Could not find token USDC on chain 106""}"
PZE,"{""message"":""Could not find token USDC on chain 106""}"
MOO,"{""message"":""Could not find token USDC on chain 106""}"
MOR,"{""message"":""Could not find token USDC on chain 106""}"
BAS,"{""message"":""Could not find token USDC on chain 106""}"
EVM,"{""message"":""Could not find token USDC on chain 106""}"
ARB,"{""message"":""Could not find token USDC on chain 106""}"
CEL,"{""message"":""Could not find token USDC on chain 106""}"
AVA,"{""message"":""Could not find token USDC on chain 106""}"
AUR,"{""message"":""Could not find token USDC on chain 106""}"
ONE,"{""message"":""Could not find token USDC on chain 106""}"
LNA,"{""message"":""Could not find token USDC on chain 106""}"
