fromChain,response
ETH,"{""message"":""No available quotes for the requested transfer"",""errors"":{""filteredOut"":[],""failed"":[]}}"
OPT,"{""message"":""No available quotes for the requested transfer"",""errors"":{""filteredOut"":[],""failed"":[]}}"
CRO,"{""message"":""The chain with ID 25 is currently disabled""}"
BSC,"{""message"":""No available quotes for the requested transfer"",""errors"":{""filteredOut"":[],""failed"":[]}}"
OKT,"{""message"":""No available quotes for the requested transfer"",""errors"":{""filteredOut"":[],""failed"":[]}}"
DAI,"{""message"":""No available quotes for the requested transfer"",""errors"":{""filteredOut"":[],""failed"":[]}}"
VEL,"{""message"":""Could not find token USDC on chain 106""}"
FUS,"{""message"":""No available quotes for the requested transfer"",""errors"":{""filteredOut"":[],""failed"":[]}}"
POL,"{""message"":""No available quotes for the requested transfer"",""errors"":{""filteredOut"":[],""failed"":[]}}"
FTM,"{""message"":""No available quotes for the requested transfer"",""errors"":{""filteredOut"":[],""failed"":[]}}"
BOB,"{""message"":""No available quotes for the requested transfer"",""errors"":{""filteredOut"":[],""failed"":[]}}"
ERA,"{""message"":""No available quotes for the requested transfer"",""errors"":{""filteredOut"":[],""failed"":[]}}"
PZE,"{""message"":""The same token cannot be used as both the source and destination token.""}"
MOO,"{""message"":""No available quotes for the requested transfer"",""errors"":{""filteredOut"":[],""failed"":[]}}"
MOR,"{""message"":""No available quotes for the requested transfer"",""errors"":{""filteredOut"":[],""failed"":[]}}"
BAS,"{""message"":""No available quotes for the requested transfer"",""errors"":{""filteredOut"":[],""failed"":[]}}"
EVM,"{""message"":""No available quotes for the requested transfer"",""errors"":{""filteredOut"":[],""failed"":[]}}"
ARB,"{""message"":""No available quotes for the requested transfer"",""errors"":{""filteredOut"":[],""failed"":[]}}"
CEL,"{""message"":""The chain with ID 42220 is currently disabled""}"
AVA,"{""message"":""No available quotes for the requested transfer"",""errors"":{""filteredOut"":[],""failed"":[]}}"
AUR,"{""message"":""No available quotes for the requested transfer"",""errors"":{""filteredOut"":[],""failed"":[]}}"
ONE,"{""message"":""The chain with ID 1666600000 is currently disabled""}"
LNA,"{""message"":""No available quotes for the requested transfer"",""errors"":{""filteredOut"":[],""failed"":[]}}"
