fromChain,response
ETH,"{""message"":""The chain with ID 42220 is currently disabled""}"
OPT,"{""message"":""The chain with ID 42220 is currently disabled""}"
CRO,"{""message"":""The chain with ID 25 is currently disabled""}"
BSC,"{""message"":""The chain with ID 42220 is currently disabled""}"
OKT,"{""message"":""The chain with ID 42220 is currently disabled""}"
DAI,"{""message"":""The chain with ID 42220 is currently disabled""}"
VEL,"{""message"":""Could not find token USDC on chain 106""}"
FUS,"{""message"":""The chain with ID 42220 is currently disabled""}"
POL,"{""message"":""The chain with ID 42220 is currently disabled""}"
FTM,"{""message"":""The chain with ID 42220 is currently disabled""}"
BOB,"{""message"":""The chain with ID 42220 is currently disabled""}"
ERA,"{""message"":""The chain with ID 42220 is currently disabled""}"
PZE,"{""message"":""The chain with ID 42220 is currently disabled""}"
MOO,"{""message"":""The chain with ID 42220 is currently disabled""}"
MOR,"{""message"":""The chain with ID 42220 is currently disabled""}"
BAS,"{""message"":""The chain with ID 42220 is currently disabled""}"
EVM,"{""message"":""The chain with ID 42220 is currently disabled""}"
ARB,"{""message"":""The chain with ID 42220 is currently disabled""}"
CEL,"{""message"":""The same token cannot be used as both the source and destination token.""}"
AVA,"{""message"":""The chain with ID 42220 is currently disabled""}"
AUR,"{""message"":""The chain with ID 42220 is currently disabled""}"
ONE,"{""message"":""The chain with ID 1666600000 is currently disabled""}"
LNA,"{""message"":""The chain with ID 42220 is currently disabled""}"
