fromChain,response
ETH,"{""message"":""No available quotes for the requested transfer"",""errors"":{""filteredOut"":[],""failed"":[]}}"
OPT,"{""message"":""No available quotes for the requested transfer"",""errors"":{""filteredOut"":[],""failed"":[]}}"
CRO,"{""message"":""The chain with ID 25 is currently disabled""}"
BSC,"{""message"":""No available quotes for the requested transfer"",""errors"":{""filteredOut"":[{""overallPath"":""56:USDC~56:OKSE-56:OKSE-celerim-1313161554:OKSE-1313161554:OKSE~1313161554:USDC"",""reason"":""Transferred amount (Infinity) out of acceptable range (min: 10000000000000000001, max: 1100000000000000000000000)""}],""failed"":[]}}"
OKT,"{""message"":""No available quotes for the requested transfer"",""errors"":{""filteredOut"":[],""failed"":[]}}"
DAI,"{""message"":""No available quotes for the requested transfer"",""errors"":{""filteredOut"":[],""failed"":[]}}"
VEL,"{""message"":""Could not find token USDC on chain 106""}"
FUS,"{""message"":""No available quotes for the requested transfer"",""errors"":{""filteredOut"":[],""failed"":[]}}"
POL,"{""message"":""No available quotes for the requested transfer"",""errors"":{""filteredOut"":[],""failed"":[]}}"
FTM,"{""message"":""No available quotes for the requested transfer"",""errors"":{""filteredOut"":[],""failed"":[{""overallPath"":""250:USDC~250:wFTM-250:wFTM-celerim-1313161554:FTM-1313161554:FTM~1313161554:USDC"",""subpaths"":{""250:USDC~250:wFTM"":[{""errorType"":""NO_QUOTE"",""code"":""NO_POSSIBLE_ROUTE"",""action"":{""fromChainId"":250,""fromAmount"":""1000000000"",""fromToken"":{""address"":""0x28a92dde19D9989F39A49905d7C9C2FAc7799bDf"",""chainId"":250,""symbol"":""USDC"",""decimals"":6,""name"":""LayerZero USDC Token"",""coinKey"":""USDC"",""logoURI"":""https://raw.githubusercontent.com/trustwallet/assets/master/blockchains/ethereum/assets/0xA0b86991c6218b36c1d19D4a2e9Eb0cE3606eB48/logo.png"",""priceUSD"":1},""toChainId"":250,""toToken"":{""address"":""0x21be370D5312f44cB42ce377BC9b8a0cEF1A4C83"",""chainId"":250,""symbol"":""wFTM"",""decimals"":18,""name"":""wFTM"",""coinKey"":""wFTM"",""logoURI"":""https://static.debank.com/image/ftm_token/logo_url/0x21be370d5312f44cb42ce377bc9b8a0cef1a4c83/2b7d91858f9c62aafc8d7778b9c22f57.png"",""priceUSD"":0.17},""slippage"":0.005},""tool"":""sushiswap-ftm"",""message"":""No route was found for this action.""},{""errorType"":""NO_QUOTE"",""code"":""NO_POSSIBLE_ROUTE"",""action"":{""fromChainId"":250,""fromAmount"":""1000000000"",""fromToken"":{""address"":""0x28a92dde19D9989F39A49905d7C9C2FAc7799bDf"",""chainId"":250,""symbol"":""USDC"",""decimals"":6,""name"":""LayerZero USDC Token"",""coinKey"":""USDC"",""logoURI"":""https://raw.githubusercontent.com/trustwallet/assets/master/blockchains/ethereum/assets/0xA0b86991c6218b36c1d19D4a2e9Eb0cE3606eB48/logo.png"",""priceUSD"":1},""toChainId"":250,""toToken"":{""address"":""0x21be370D5312f44cB42ce377BC9b8a0cEF1A4C83"",""chainId"":250,""symbol"":""wFTM"",""decimals"":18,""name"":""wFTM"",""coinKey"":""wFTM"",""logoURI"":""https://static.debank.com/image/ftm_token/logo_url/0x21be370d5312f44cb42ce377bc9b8a0cef1a4c83/2b7d91858f9c62aafc8d7778b9c22f57.png"",""priceUSD"":0.17},""slippage"":0.005},""tool"":""tombswap-ftm"",""message"":""No route was found for this action.""},{""errorType"":""NO_QUOTE"",""code"":""NO_POSSIBLE_ROUTE"",""action"":{""fromChainId"":250,""fromAmount"":""1000000000"",""fromToken"":{""address"":""0x28a92dde19D9989F39A49905d7C9C2FAc7799bDf"",""chainId"":250,""symbol"":""USDC"",""decimals"":6,""name"":""LayerZero USDC Token"",""coinKey"":""USDC"",""logoURI"":""https://raw.githubusercontent.com/trustwallet/assets/master/blockchains/ethereum/assets/0xA0b86991c6218b36c1d19D4a2e9Eb0cE3606eB48/logo.png"",""priceUSD"":1},""toChainId"":250,""toToken"":{""address"":""0x21be370D5312f44cB42ce377BC9b8a0cEF1A4C83"",""chainId"":250,""symbol"":""wFTM"",""decimals"":18,""name"":""wFTM"",""coinKey"":""wFTM"",""logoURI"":""https://static.debank.com/image/ftm_token/logo_url/0x21be370d5312f44cb42ce377bc9b8a0cef1a4c83/2b7d91858f9c62aafc8d7778b9c22f57.png"",""priceUSD"":0.17},""slippage"":0.005},""tool"":""spiritswap-ftm"",""message"":""No route was found for this action.""}],""1313161554:FTM~1313161554:USDC"":[{""errorType"":""NO_QUOTE"",""code"":""NO_POSSIBLE_ROUTE"",""action"":{""fromChainId"":1313161554,""fromAmount"":""5637521505932601372943"",""fromToken"":{""address"":""0x1fE622E91e54D6AD00B01917351Ea6081426764A"",""chainId"":1313161554,""symbol"":""FTM"",""decimals"":18,""name"":""Fantom"",""coinKey"":""FTM"",""priceUSD"":0.17},""toChainId"":1313161554,""toToken"":{""address"":""0xB12BFcA5A55806AaF64E99521918A4bf0fC40802"",""chainId"":1313161554,""symbol"":""USDC"",""decimals"":6,""name"":""USD Coin"",""coinKey"":""USDC"",""logoURI"":""https://raw.githubusercontent.com/trustwallet/assets/master/blockchains/ethereum/assets/0xA0b86991c6218b36c1d19D4a2e9Eb0cE3606eB48/logo.png"",""priceUSD"":1},""slippage"":0.005},""tool"":""trisolaris-aur"",""message"":""No route was found for this action.""}]}}]}}"
BOB,"{""message"":""No available quotes for the requested transfer"",""errors"":{""filteredOut"":[],""failed"":[]}}"
ERA,"{""message"":""No available quotes for the requested transfer"",""errors"":{""filteredOut"":[],""failed"":[]}}"
PZE,"{""message"":""No available quotes for the requested transfer"",""errors"":{""filteredOut"":[],""failed"":[]}}"
MOO,"{""message"":""No available quotes for the requested transfer"",""errors"":{""filteredOut"":[],""failed"":[]}}"
MOR,"{""message"":""No available quotes for the requested transfer"",""errors"":{""filteredOut"":[],""failed"":[]}}"
BAS,"{""message"":""No available quotes for the requested transfer"",""errors"":{""filteredOut"":[],""failed"":[]}}"
EVM,"{""message"":""No available quotes for the requested transfer"",""errors"":{""filteredOut"":[],""failed"":[]}}"
ARB,"{""message"":""No available quotes for the requested transfer"",""errors"":{""filteredOut"":[],""failed"":[]}}"
CEL,"{""message"":""The chain with ID 42220 is currently disabled""}"
AVA,"{""message"":""No available quotes for the requested transfer"",""errors"":{""filteredOut"":[],""failed"":[{""overallPath"":""43114:USDC~43114:WAVAX-43114:WAVAX-celerim-1313161554:AVAX-1313161554:AVAX~1313161554:USDC"",""subpaths"":{""1313161554:AVAX~1313161554:USDC"":[{""errorType"":""NO_QUOTE"",""code"":""NO_POSSIBLE_ROUTE"",""action"":{""fromChainId"":1313161554,""fromAmount"":""110288679708137299886"",""fromToken"":{""address"":""0xef3c714c9425a8F3697A9C969Dc1af30ba82e5d4"",""chainId"":1313161554,""symbol"":""AVAX"",""decimals"":18,""name"":""Avalanche"",""coinKey"":""AVAX"",""priceUSD"":8.9},""toChainId"":1313161554,""toToken"":{""address"":""0xB12BFcA5A55806AaF64E99521918A4bf0fC40802"",""chainId"":1313161554,""symbol"":""USDC"",""decimals"":6,""name"":""USD Coin"",""coinKey"":""USDC"",""logoURI"":""https://raw.githubusercontent.com/trustwallet/assets/master/blockchains/ethereum/assets/0xA0b86991c6218b36c1d19D4a2e9Eb0cE3606eB48/logo.png"",""priceUSD"":1},""slippage"":0.005},""tool"":""trisolaris-aur"",""message"":""No route was found for this action.""}]}}]}}"
AUR,"{""message"":""The same token cannot be used as both the source and destination token.""}"
ONE,"{""message"":""The chain with ID 1666600000 is currently disabled""}"
LNA,"{""message"":""No available quotes for the requested transfer"",""errors"":{""filteredOut"":[],""failed"":[]}}"
